frame,ball,id_10_team_0,id_11_team_1,id_12_team_1,id_13_team_0,id_14_team_1,id_15_team_1,id_16_team_0,id_17_team_0,id_18_team_1,id_1_team_0,id_20_team_0,id_22_team_1,id_281_team_0,id_2_team_0,id_3_team_1,id_45_team_0,id_4_team_0,id_5_team_0,id_6_team_1,id_7_team_1,id_8_team_1,id_9_team_1
436,"6726.819,2306.9011","8032.3403,4362.3833","7642.018,2453.7812","6771.507,5474.964","5035.7236,1773.9932","7759.8643,5963.0547","6652.358,5255.486","8188.203,1331.3112","6459.418,4780.7896","8724.048,5763.2764","3704.8767,4871.6475","5134.889,6129.6157","7159.7124,6423.074","6991.911,6339.005","7949.6304,3112.871","5529.6943,4163.978","8299.567,3405.6858","5393.3223,5073.0527","7810.1816,6004.527","2952.2488,4815.7407","10420.607,3750.9595","8025.2007,5015.843","5310.6167,6612.3335"
437,"6592.835,2234.5542","7967.045,4359.8706","7609.8984,2380.61","6605.605,5400.439","4890.195,1740.2456","7738.692,5941.012","6520.7817,5185.0786","8095.5854,1269.2175","6356.5034,4753.54","8607.492,5807.1753","3583.8574,4675.353","5029.5806,6141.402","7065.7124,6344.0547","6886.779,6267.436","7847.226,3058.8354","5449.185,4150.223","8178.1626,3451.9167","5437.454,5042.2124","7649.34,5957.5664","2933.598,4842.75","10345.413,3720.7092","7899.6313,4989.8325","5232.2617,6623.2563"
438,"6470.079,2162.1882","7868.661,4352.5522","7523.2427,2332.3108","6474.729,5323.134","4755.833,1710.8784","7675.892,5923.4663","6430.4077,5126.8853","8012.04,1213.8207","6245.8887,4710.8467","8487.812,5835.102","3451.3718,4503.5776","4923.839,6113.398","6987.9253,6275.178","6776.5977,6216.2627","7740.4414,3008.0913","5392.3228,4143.044","8064.1885,3488.7764","5407.4097,5045.3516","7465.594,5891.7104","2893.372,4839.8745","10255.107,3697.6257","7792.71,4958.9214","5158.071,6624.195"
439,"6351.6606,2092.0854","7770.4683,4335.9863","7431.0557,2287.1985","6346.743,5243.6772","4619.238,1680.7833","7614.643,5896.6675","6335.303,5065.405","7930.7466,1152.5496","6125.2256,4669.223","8377.563,5862.026","3313.455,4332.3315","4817.717,6078.6313","6906.41,6205.4453","6673.911,6164.5967","7628.331,2955.253","5328.7417,4133.5527","7941.2563,3525.5295","5370.8984,5052.3696","7280.303,5820.199","2841.2778,4832.231","10162.56,3674.777","7684.401,4919.858","5078.355,6629.31"
440,"6232.4395,2021.438","7672.1724,4312.8564","7331.374,2243.3865","6216.382,5160.944","4472.6143,1648.7466","7552.2217,5864.9243","6234.85,4997.7236","7850.706,1087.6805","5999.1567,4624.397","8269.507,5890.1543","3170.3792,4159.572","4710.222,6035.7646","6822.568,6133.118","6573.0054,6107.9893","7509.367,2901.625","5257.5845,4117.782","7806.941,3564.6365","5329.964,5060.472","7093.295,5740.4126","2778.3115,4824.1953","10069.87,3653.9128","7573.879,4876.5737","4997.221,6640.7974"
441,"6112.55,1950.9521","7571.2134,4283.363","7224.869,2200.5676","6084.073,5072.7363","4316.236,1613.914","7489.827,5828.2544","6133.5,4922.9653","7770.286,1019.56415","5868.1904,4575.7417","8164.2314,5917.336","3022.2456,3984.7852","4600.426,5987.165","6735.022,6056.896","6476.3306,6045.88","7382.4336,2848.004","5182.446,4096.3105","7659.7754,3606.5542","5285.125,5070.6094","6904.999,5654.6396","2705.574,4816.6826","9975.189,3634.4587","7461.1035,4828.53","4915.246,6657.0073"
442,"5992.1274,1879.5714","7467.2734,4247.912","7113.3203,2158.3843","5950.1367,4978.4116","4150.2573,1576.5349","7426.96,5787.3906","6031.7627,4840.428","7687.6387,948.90906","5734.2505,4523.0767","8060.9556,5943.2295","2871.502,3807.864","4490.286,5933.731","6643.519,5975.749","6384.1016,5977.8047","7249.1597,2793.979","5105.137,4069.6106","7500.837,3651.7263","5236.4277,5083.7456","6716.204,5563.147","2624.7532,4809.6123","9879.254,3615.691","7346.687,4776.6807","4833.3213,6677.5137"
443,"5870.69,1807.0392","7360.765,4207.42","6997.7397,2116.8308","5814.624,4877.451","3976.954,1536.7682","7364.8022,5742.6885","5930.555,4750.374","7602.7236,876.5349","5597.0503,4466.152","7959.6646,5967.063","2720.3848,3628.9502","4380.586,5877.019","6548.7856,5890.1997","6296.5723,5903.8403","7109.7925,2739.5784","5027.642,4038.2144","7331.036,3700.3528","5184.1694,5100.007","6527.656,5467.3525","2537.4563,4803.26","9781.917,3597.6584","7230.596,4721.123","4751.7812,6701.2524"
444,"5747.388,1732.9275","7252.2236,4162.2627","6879.2554,2075.8647","5679.26,4769.9346","3796.657,1496.0735","7304.099,5694.5786","5829.9688,4652.8384","7515.3784,802.9574","5458.5996,4404.7173","7860.322,5987.85","2571.3586,3447.957","4272.4976,5817.4277","6449.842,5800.18","6213.672,5824.545","6965.8125,2684.3408","4951.4907,4002.0432","7151.6904,3752.4695","5128.271,5119.5186","6340.1753,5367.182","2444.185,4796.893","9682.502,3579.8267","7112.451,4661.837","4671.2554,6727.4385"
445,"5623.7534,1656.6113","7142.4004,4111.902","6758.8677,2035.0264","5544.6343,4657.135","3611.5322,1454.1715","7241.9917,5643.1167","5729.4785,4549.283","7424.5425,728.6024","5322.128,4339.6484","7762.0225,6005.322","2425.7922,3265.532","4167.881,5755.7466","6350.755,5706.428","6136.072,5740.4385","6819.264,2627.6123","4877.151,3963.7966","6965.747,3806.8203","5068.664,5142.5786","6157.0,5264.2705","2348.0198,4790.133","9584.07,3561.7295","6995.6133,4599.987","4590.5044,6756.6"
446,"5498.4316,1578.558","7032.6934,4057.9136","6638.2056,1994.664","5412.116,4539.1055","3424.2502,1412.2329","7181.3735,5588.7896","5630.5654,4439.371","7331.933,654.6114","5188.175,4270.136","7665.1475,6018.4033","2287.6978,3081.9324","4066.6912,5693.099","6250.836,5609.857","6063.498,5651.9946","6671.475,2569.0535","4807.364,3921.9812","6774.7188,3863.979","5005.636,5168.2305","5979.2114,5159.44","2248.9402,4782.7744","9485.095,3543.1428","6878.6973,4535.6006","4512.477,6786.6587"
447,"5371.1895,1498.4396","6926.7456,4000.7092","6522.2417,1952.7931","5285.8413,4416.8496","3240.358,1373.0134","7122.5884,5530.7734","5534.261,4321.2837","7239.8184,582.5992","5062.189,4193.1846","7570.2563,6024.058","2164.9458,2894.3262","3971.746,5625.8374","6149.4087,5509.184","5993.405,5561.3237","6528.46,2503.6006","4744.7275,3875.0762","6585.0947,3922.379","4940.139,5188.8887","5810.3374,5048.7476","2144.506,4770.8916","9385.223,3522.3071","6759.394,4467.5386","4443.9004,6812.829"
448,"5242.6157,1417.9363","6821.919,3941.9326","6408.147,1911.654","5163.492,4291.212","3058.9812,1335.9805","7066.0967,5471.113","5440.2695,4197.079","7146.4907,511.85236","4942.784,4110.433","7476.6997,6025.074","2055.0479,2705.6135","3881.478,5558.022","6048.81,5406.168","5925.9946,5469.3657","6388.3496,2435.1365","4688.106,3823.1433","6397.0396,3981.7673","4870.174,5209.9116","5648.153,4936.765","2039.8312,4756.881","9284.644,3500.9587","6641.3247,4397.6987","4380.928,6836.405"
449,"5114.036,1337.7694","6720.1616,3881.8635","6295.2954,1871.1425","5045.024,4163.1865","2881.392,1301.5125","7011.1304,5410.3774","5349.6763,4067.179","7052.5034,442.65518","4831.106,4022.5308","7385.0605,6021.7314","1959.8375,2517.1829","3796.1191,5490.3813","5950.167,5301.377","5861.614,5376.458","6252.6895,2363.5203","4637.5176,3766.6245","6212.0176,4041.4875","4797.728,5231.364","5494.285,4825.201","1935.5814,4740.4575","9185.076,3479.4507","6525.422,4326.429","4324.474,6857.5454"
450,"4986.235,1258.5116","6622.337,3821.053","6183.971,1831.3131","4931.021,4033.8416","2709.2961,1269.8389","6957.481,5349.076","5263.3022,3932.355","6958.886,375.72955","4728.1074,3929.7654","7295.809,6014.105","1880.4352,2330.62","3716.273,5423.521","5854.373,5195.591","5800.3813,5283.053","6122.9194,2289.0305","4592.8706,3705.5842","6031.905,4100.831","4723.6406,5252.7544","5350.219,4715.196","1832.9377,4721.684","9087.646,3458.0366","6412.6787,4254.1323","4275.4,6875.8833"
451,"4860.259,1180.7557","6529.146,3760.0024","6074.6875,1792.2881","4822.228,3904.323","2544.448,1241.1819","6905.214,5287.734","5182.1006,3793.529","6866.62,311.75183","4634.621,3832.5444","7209.549,6002.239","1817.593,2147.5176","3642.45,5357.918","5762.1587,5089.644","5742.47,5189.8223","6000.583,2212.0203","4554.2207,3640.3618","5858.695,4158.9946","4648.579,5273.5776","5217.089,4607.8145","1732.8634,4700.6196","8993.301,3436.837","6303.956,4181.234","4234.3135,6890.9126"
452,"4737.1504,1105.0284","6441.1924,3699.1665","5967.999,1754.185","4719.3467,3775.8123","2388.4573,1215.7056","6854.4194,5226.9004","5106.8506,3651.657","6776.736,251.39073","4551.278,3731.4148","7126.849,5986.35","1771.8298,1969.4248","3575.2024,5293.9224","5674.185,4984.3325","5688.078,5097.479","5887.2036,2132.9426","4521.5522,3571.3652","5694.1567,4215.2373","4573.1265,5293.3286","5095.6606,4503.8877","1636.14,4677.4062","8902.908,3415.9253","6200.0947,4108.217","4201.5933,6902.228"
453,"4617.9155,1031.7871","6358.9814,3638.9666","5864.465,1717.0801","4622.992,3649.4548","2242.7712,1193.497","6805.2573,5167.1265","5038.2363,3507.7095","6690.318,195.29132","4478.4604,3627.0466","7048.245,5966.7705","1743.4371,1797.7339","3515.0112,5231.74","5591.0054,4880.407","5637.437,5006.7227","5784.158,2052.3416","4494.814,3499.0642","5539.7954,4268.9155","4497.8564,5311.491","4986.321,4404.0425","1543.3531,4652.264","8817.183,3395.324","6101.8486,4035.564","4177.415,6909.527"
454,"4503.4546,961.3952","6282.9014,3579.7852","5764.6436,1681.0017","4533.6646,3526.3079","2108.5994,1174.5656","6757.926,5108.956","4976.8184,3362.6243","6608.4453,144.07353","4416.329,3520.1921","6974.1963,5943.9277","1732.5095,1633.6466","3462.2874,5171.4854","5513.0396,4778.5405","5590.813,4918.192","5692.6167,1970.8298","4473.9185,3423.9548","5396.809,4319.5127","4423.3154,5327.5815","4889.1113,4308.694","1454.9058,4625.4795","8736.701,3375.0122","6009.8804,3963.7446","4161.7734,6912.645"
455,"4394.559,894.1235","6213.263,3521.96","5669.0513,1645.9109","4451.7227,3407.3098","1986.8973,1158.8298","6712.639,5052.8926","4923.0625,3217.2808","6532.18,98.29994","4364.8174,3411.67","6905.095,5918.331","1738.9791,1478.1024","3417.3052,5113.1772","5440.5625,4679.3154","5548.505,4832.4507","5613.4883,1889.0773","4458.7627,3346.529","5266.0557,4366.6504","4350.061,5341.157","4803.7334,4218.074","1371.0521,4597.385","8661.874,3354.9478","5924.743,3893.185","4154.5034,6911.5337"
456,"4291.8755,830.1395","6150.304,3465.7954","5578.151,1611.6958","4377.3853,3293.2468","1878.3768,1146.1514","6669.6245,4999.396","4877.369,3072.4492","6462.542,58.47563","4323.7217,3302.28","6841.237,5890.496","1762.6749,1331.7638","3380.1853,5056.766","5373.6816,4583.203","5510.836,4749.9473","5547.4453,1807.7607","4449.241,3267.2659","5148.1016,4410.076","4278.6685,5351.7993","4729.6216,4132.251","1291.8857,4568.3164","8592.975,3335.058","5846.8423,3824.2395","4155.3335,6906.283"
457,"4195.905,769.5145","6094.196,3411.5364","5492.3726,1578.1816","4310.7417,3184.759","1783.4688,1136.3121","6629.083,4948.87","4840.0034,2928.8323","6400.4434,25.028053","4292.7144,3192.846","6782.8423,5860.985","1803.3405,1195.035","3350.9207,5002.183","5312.3965,4490.565","5478.107,4671.0566","5494.881,1727.5701","4445.216,3186.6296","5043.2153,4449.666","4209.6875,5359.193","4665.9873,4051.1658","1217.444,4538.6396","8530.157,3315.269","5776.4966,3757.2202","4163.845,6897.089"
458,"4106.963,712.2953","6045.0156,3359.3735","5412.0254,1545.1819","4251.7275,3082.3125","1702.1715,1129.0011","6591.152,4901.6323","4811.1074,2787.0","6346.6387,-1.7378074","4271.342,3084.2048","6730.085,5830.4517","1860.5557,1068.082","3329.2363,4949.379","5256.564,4401.6167","5450.6357,4596.0273","5455.8154,1649.2538","4446.493,3105.0212","4951.3213,4485.4326","4143.691,5363.2227","4611.8325,3974.6824","1147.7085,4508.7354","8473.3955,3295.5208","5713.9165,3692.3906","4179.508,6884.285"
459,"4025.256,658.42065","6002.857,3309.4666","5337.4023,1512.4259","4200.195,2986.225","1634.4022,1123.9211","6555.9795,4857.9277","4790.812,2647.4417","6301.782,-21.579346","4259.1475,2977.0627","6683.0386,5799.404","1933.9434,950.8303","3314.7266,4898.2827","5205.9556,4316.5083","5428.635,4525.035","5430.1816,1573.4341","4452.8687,3022.8257","4872.2456,4517.4297","4081.2432,5363.7295","4566.144,3902.59","1082.5724,4478.912","8422.626,3275.7588","5659.142,3629.93","4201.794,6868.256"
460,"3950.8762,607.7738","5967.7783,3261.9377","5268.731,1479.6237","4155.9043,2896.6877","1579.9181,1120.7737","6523.701,4817.9277","4779.158,2510.5173","6266.403,-34.344986","4255.6865,2872.0154","6641.6963,5768.306","2023.122,843.0092","3306.9016,4848.792","5160.2773,4235.2935","5412.2544,4458.1997","5417.772,1500.6436","4464.115,2940.362","4805.705,4545.7534","4022.8652,5360.588","4527.8726,3834.6265","1021.9012,4449.438","8377.7295,3255.9382","5612.1123,3569.9512","4230.146,6849.4053"
461,"3883.814,560.19183","5939.815,3216.8604","5206.1987,1446.4701","4118.547,2813.7744","1538.3391,1119.2611","6494.4077,4781.7363","4776.105,2376.478","6240.8906,-39.965736","4260.541,2769.5403","6605.991,5737.57","2127.7356,744.19745","3305.1917,4800.8154","5119.2,4157.945","5401.56,4395.5854","5418.2715,1431.3214","4479.968,2857.8892","4751.317,4570.5283","3969.027,5353.719","4496.005,3770.4993","965.54395,4420.536","8338.544,3236.036","5572.683,3512.5178","4264.0107,6828.164"
462,"3823.9807,515.4845","5918.9844,3174.2717","5149.9316,1412.6627","4087.7534,2737.458","1509.1775,1119.0939","6468.155,4749.391","4781.553,2245.4668","6225.4995,-38.43528","4273.3213,2670.0059","6575.8203,5707.5547","2247.466,653.8669","3308.9854,4754.2744","5082.3774,4084.357","5396.5513,4337.2085","5431.2886,1365.8176","4500.1284,2775.5967","4708.643,4591.89","3920.144,5343.093","4469.5825,3709.908","913.3421,4392.394","8304.897,3216.05","5540.649,3457.6433","4302.855,6804.9663"
463,"3771.2288,473.44247","5905.285,3134.1714","5099.9995,1377.9043","4063.1182,2667.6267","1491.8668,1119.9958","6444.9834,4720.866","4795.347,2117.5286","6220.379,-29.795372","4293.682,2573.6729","6551.052,5678.5596","2382.0508,571.4249","3317.6414,4709.102","5049.465,4014.3618","5397.1543,4283.0503","5456.391,1304.3986","4524.277,2693.6177","4677.2153,4609.983","3876.5757,5328.716","4447.7324,3652.5547","865.1323,4365.156","8276.605,3195.9885","5515.763,3405.302","4346.183,6780.234"
464,"3725.3618,433.85382","5898.718,3096.5269","5056.4297,1341.9182","4044.2266,2604.1108","1485.7874,1121.7063","6424.9077,4696.0986","4817.296,1992.6304","6225.571,-14.122628","4321.326,2480.7048","6531.536,5650.8164","2531.2756,496.24054","3330.5225,4665.2456","5020.137,3947.7483","5403.242,4233.061","5493.1333,1247.247","4552.0684,2612.0344","4656.5493,4624.9395","3838.6118,5310.6333","4429.6743,3598.1597","820.75934,4338.926","8253.49,3175.875","5497.7524,3355.4402","4393.545,6754.37"
465,"3686.1594,396.5113","5899.264,3061.2788","5019.2075,1304.4508","4030.6653,2546.6887","1490.299,1123.9852","6407.9385,4674.9756","4847.184,1870.6687","6241.0293,8.485237","4356.0005,2391.1814","6517.121,5624.515","2694.982,427.68268","3347.0134,4622.662","4994.098,3884.265","5414.637,4187.1714","5541.075,1194.474","4583.1416,2530.8848","4646.1777,4636.884","3806.4817,5288.915","4414.7466,3546.4631","780.06213,4313.78","8235.375,3155.7422","5486.334,3307.9773","4444.538,6727.7466"
466,"3653.3875,361.22067","5906.9175,3028.344","4988.31,1265.2758","4022.0515,2495.1094","1504.7615,1126.612","6394.0786,4657.35","4884.7773,1751.487","6266.649,37.92068","4397.495,2305.1143","6507.664,5599.7715","2873.0676,365.13965","3366.5393,4581.3115","4971.0933,3823.6328","5431.128,4145.2993","5599.804,1146.1296","4617.135,2450.1716","4645.6616,4645.9185","3780.3481,5263.6543","4402.3867,3497.2324","742.8969,4289.7607","8222.086,3135.6274","5481.2246,3262.8047","4498.815,6700.6943"
467,"3626.818,327.81256","5921.673,2997.626","4963.692,1224.2059","4018.0364,2449.1052","1528.5515,1129.391","6383.355,4643.0576","4929.839,1634.8955","6302.269,74.07176","4445.6484,2222.461","6503.0356,5576.6646","3065.4705,308.04153","3388.5884,4541.149","4950.9146,3765.5547","5452.4824,4107.354","5668.952,1102.207","4653.6826,2369.8816","4654.5825,4652.1235","3760.3186,5234.952","4392.146,3450.2563","709.122,4266.889","8213.475,3115.5757","5482.166,3219.805","4556.073,6673.4946"
468,"3606.237,296.15256","5943.53,2969.0178","4945.3228,1181.0852","4018.3223,2408.4006","1561.0886,1132.15","6375.788,4631.905","4982.126,1520.6792","6347.684,116.83197","4500.334,2143.1326","6503.138,5555.23","3272.1797,255.88141","3412.708,4502.129","4933.412,3709.724","5478.448,4073.2417","5748.1963,1062.6593","4692.4263,2289.9814","4672.582,4655.5566","3746.442,5202.9175","4383.6787,3405.3535","678.6106,4245.169","8209.398,3095.6326","5488.912,3178.8435","4616.055,6646.3896"
469,"3591.4573,266.14307","5972.5195,2942.4067","4933.195,1135.7972","4022.6707,2372.7244","1601.842,1134.7408","6371.4404,4623.693","5041.404,1408.6117","6402.6694,166.0982","4561.4756,2067.0142","6507.904,5535.463","3493.2175,208.22346","3438.5225,4464.1816","4918.496,3655.821","5508.7754,4042.8806","5837.274,1027.3999","4733.0215,2210.4382","4699.3438,4656.248","3738.7278,5167.6562","4376.7466,3362.3682","651.2551,4224.596","8209.733,3075.8525","5501.2544,3139.7715","4678.547,6619.5645"
470,"3582.329,237.73505","6008.686,2917.6863","4927.336,1088.2642","4030.9084,2341.8137","1650.3431,1137.041","6370.3916,4618.2114","5107.4326,1298.4714","6466.977,221.76906","4629.029,1993.9674","6517.31,5517.3276","3728.631,164.71622","3465.7478,4427.23","4906.1533,3603.5295","5543.2036,4016.1904","5935.979,996.31226","4775.134,2131.2188","4734.6143,4654.1978","3737.1428,5129.2656","4371.2,3321.172","626.96643,4205.161","8214.376,3056.297","5519.022,3102.432","4743.3687,6593.1475"
471,"3578.7532,210.93777","6052.1064,2894.7598","4927.8228,1038.4519","4042.9321,2315.42","1706.1893,1138.9521","6372.7617,4615.2437","5179.9834,1190.0511","6540.3413,283.74472","4702.9883,1923.8492","6531.3794,5500.7764","3978.486,125.10422","3494.164,4391.1733","4896.446,3552.5227","5581.482,3993.1187","6044.152,969.2602","4818.456,2052.307","4778.1855,4649.373","3741.6265,5087.8345","4366.9844,3281.6648","605.6881,4186.8506","8223.234,3037.0396","5542.086,3066.6572","4810.3677,6567.2144"
472,"3580.69,185.82692","6102.889,2873.5437","4934.789,986.36993","4058.7136,2293.315","1769.0522,1140.3993","6378.7144,4614.568","5258.8154,1083.1733","6622.4766,351.9136","4783.3784,1856.5159","6550.192,5485.7437","4242.833,89.23633","3523.6443,4355.8813","4889.5166,3502.4773","5623.3545,3973.6296","6161.672,946.08734","4862.681,1973.7076","4829.9126,4641.7114","3752.0913,5043.4414","4364.1265,3243.7737","587.3963,4169.67","8236.241,3018.1707","5570.364,3032.267","4879.4023,6541.7886"
473,"3588.1687,162.54956","6161.1665,2853.9795","4948.4434,932.0815","4078.3008,2275.2852","1838.6609,1141.3322","6388.4473,4615.956","5343.6836,977.70483","6713.0776,426.14203","4870.2476,1791.831","6573.883,5472.157","4521.69,57.071068","3554.1465,4321.2075","4885.6133,3453.0642","5668.5654,3957.704","6288.4487,926.62787","4907.5264,1895.4578","4889.6997,4631.1045","3768.4333,4996.149","4362.74,3207.4548","572.11127,4153.632","8253.348,2999.8035","5603.827,2999.0757","4950.349,6516.828"
474,"3601.2996,141.33864","6227.1104,2836.0361","4969.079,875.7032","4101.8213,2261.1396","1914.8209,1141.7244","6402.217,4619.1743","5434.316,873.5666","6811.8086,506.2576","4963.6646,1729.6763","6602.6475,5459.9424","4815.0015,28.680962","3585.704,4286.9653","4885.0776,3403.9548","5716.843,3945.3704","6424.3945,910.7009","4952.7085,1817.6359","4957.4995,4617.416","3790.5364,4946.014","4363.0117,3172.6968","559.89703,4138.776","8274.513,2982.0815","5642.4976,2966.8792","5023.0786,6492.2334"
475,"3620.2878,122.51392","6300.91,2819.7148","4997.0576,817.41974","4129.4814,2250.702","1997.3835,1141.569","6420.3296,4623.976","5530.41,770.7549","6918.286,592.0306","5063.696,1669.9564","6636.7393,5449.0264","5122.6035,4.257869","3618.434,4252.9453","4888.3706,3354.8176","5767.8984,3936.6755","6569.395,898.12085","4997.9463,1740.3757","5033.312,4600.455","3818.2654,4893.0747","4365.2056,3139.514","550.8725,4125.159","8299.716,2965.185","5686.4565,2935.457","5097.446,6467.8447"
476,"3645.4346,106.49117","6382.781,2805.057","5032.832,757.4846","4161.565,2243.8079","2086.2542,1140.8838","6443.145,4630.103","5631.619,669.34674","7032.069,683.1548","5170.4097,1612.602","6676.457,5439.335","5444.173,-15.889178","3652.5286,4218.9023","4896.0757,3305.3218","5821.413,3931.7024","6723.3013,888.6907","5042.9497,1663.87","5117.1694,4579.9854","3851.478,4837.3623","4369.661,3107.9548","545.2046,4112.871","8328.961,2949.331","5735.835,2904.5754","5173.2827,6443.4365"
477,"3677.1548,93.77628","6472.936,2792.1414","5076.921,696.2338","4198.439,2240.305","2181.3801,1139.7046","6471.086,4637.2725","5737.5337,569.52295","7152.641,779.2224","5283.842,1557.578","6722.1406,5430.785","5779.1763,-31.34322","3688.2588,4184.557","4908.9033,3255.137","5877.0327,3930.5674","6885.872,882.21155","5087.4146,1588.3835","5209.1196,4555.7275","3890.0115,4778.9097","4376.78,3078.0884","543.1096,4102.03","8362.251,2934.7856","5790.82,2873.9722","5250.3887,6418.7144"
478,"3715.9739,84.96245","6571.5796,2781.09","5129.8896,634.0869","4240.5415,2240.0369","2282.7205,1138.084","6504.619,4645.1807","5847.681,471.5684","7279.4033,879.70734","5403.9897,1504.8893","6774.1523,5423.287","6126.809,-41.58717","3725.977,4149.6","4927.69,3203.949","5934.357,3933.4053","7056.753,878.48785","5131.021,1514.26","5309.2227,4527.352","3933.689,4717.742","4387.0312,3050.0042","544.8339,4092.7756","8399.603,2921.86","5851.656,2843.366","5328.507,6393.3237"
479,"3762.5244,80.71711","6678.89,2772.059","5192.339,571.5578","4288.385,2242.8425","2390.2458,1136.091","6544.271,4653.496","5961.5063,375.88638","7411.666,983.95","5530.7866,1454.5792","6832.838,5416.7144","6485.9614,-46.03146","3766.101,4113.6904","4953.404,3151.4675","5992.9526,3940.3677","7235.434,877.32874","5173.4233,1441.92","5417.5176,4494.4854","3982.3066,4653.8965","4400.938,3023.7976","550.6434,4085.2651","8441.037,2910.9026","5918.63,2812.4487","5407.3325,6366.847"
480,"3817.5437,81.751785","6794.981,2765.2341","5264.8525,509.24698","4342.543,2248.5454","2503.9194,1133.7953","6590.6265,4661.849","6078.3853,282.98962","7548.629,1091.1416","5664.08,1406.7404","6898.5024,5410.886","6855.166,-44.050014","3809.1143,4076.459","4987.1157,3097.4407","6052.3467,3951.5996","7421.221,878.56744","5214.2603,1371.8665","5534.0137,4456.717","4035.642,4587.424","4419.065,2999.5623","560.79584,4079.6682","8486.571,2902.2915","5992.0757,2780.89","5486.4927,6338.823"
481,"3881.8657,88.794464","6919.8877,2760.8188","5347.948,447.842","4403.65,2256.9397","2623.6653,1131.2688","6644.2915,4669.8335","6197.624,193.50041","7689.413,1200.3356","5803.617,1361.5092","6971.36,5405.5425","7232.5825,-35.020973","3855.5618,4037.5183","5029.988,3041.6812","6112.067,3967.2275","7613.2026,882.07416","5253.1523,1304.675","5658.6523,4413.609","4093.4426,4518.391","4442.0137,2977.3643","575.49994,4076.141","8536.206,2896.4158","6072.359,2748.3372","5565.5527,6308.749"
482,"3956.3787,102.54313","7053.531,2759.0156","5442.0264,388.09842","4472.385,2267.7886","2749.3699,1128.5635","6705.908,4676.995","6318.4893,108.129295","7833.0635,1310.4431","5949.018,1319.0721","7051.498,5400.3057","7615.9707,-18.393585","3906.02,3996.469","5083.224,2984.0918","6171.6504,3987.3184","7810.228,887.78015","5289.722,1240.983","5791.29,4364.718","4155.4336,4446.894","4470.3857,2957.2332","594.87805,4074.8103","8589.918,2893.6511","6159.875,2714.416","5644.0146,6276.1025"
483,"4042.0212,123.61739","7195.675,2760.0083","5547.314,330.81857","4549.46,2280.807","2880.8564,1125.7054","6776.139,4682.8413","6440.2295,27.6498","7978.5767,1420.2634","6099.7666,1279.6642","7138.8247,5394.652","8002.74,6.2557416","3961.0784,3952.91","5148.023,2924.6768","6230.71,4011.8625","8010.9097,895.6953","5323.603,1181.4714","5931.6655,4309.6","4221.3228,4373.065","4504.77,2939.1338","618.91846,4075.7493","8647.642,2894.3203","6255.0244,2678.7415","5721.3203,6240.371"
484,"4139.7334,152.50629","7345.9214,2763.936","5663.8047,276.8262","4635.615,2295.664","3017.877,1122.6677","6855.6235,4686.813","6562.126,-47.13734","8124.938,1528.51","6255.205,1243.5614","7233.042,5387.8726","8389.964,39.150448","4021.304,3906.452","5225.52,2863.584","6288.964,4040.7412","8213.627,905.93823","5354.4644,1126.8486","6079.372,4247.843","4290.819,4297.0737","4545.7153,2922.948","647.44354,4078.9546","8709.24,2898.6636","6358.2056,2640.9177","5796.8667,6201.075"
485,"4250.4233,189.51938","7503.671,2770.8733","5791.2207,226.92734","4731.593,2311.9749","3160.1091,1119.3647","6944.9863,4688.311","6683.531,-115.43605","8271.157,1633.8408","6414.534,1211.0791","7333.6274,5379.057","8774.462,80.25851","4087.1992,3856.7356","5316.71,2801.0996","6346.287,4073.687","8416.563,918.7488","5382.022,1077.8296","6233.85,4179.0786","4363.632,4219.135","4593.682,2908.467","680.07385,4084.333","8774.492,2906.8062","6469.7935,2600.5486","5870.018,6157.787"
486,"4374.9326,234.76547","7668.1016,2780.8186","5928.989,181.8764","4838.1304,2329.3052","3307.1516,1115.6284","7044.777,4686.675","6803.9087,-176.5016","8416.287,1734.9012","6576.8076,1182.5596","7439.831,5367.0933","9152.868,129.24965","4159.146,3803.4414","5422.3813,2737.6638","6402.755,4110.291","8617.743,934.49695","5406.0703,1035.1127","6394.358,4102.999","4439.5015,4139.504","4649.027,2895.3887","716.2198,4091.685","8843.069,2918.715","6590.112,2557.2405","5940.107,6110.156"
487,"4513.989,288.11746","7838.1963,2793.671","6076.24,142.33878","4955.92,2347.177","3458.5315,1111.2025","7155.4653,4681.203","6922.865,-229.67827","8559.459,1830.3478","6740.969,1158.3539","7550.7104,5350.6724","9521.725,185.47899","4237.3496,3746.3184","5543.0415,2673.858","6458.6396,4149.9717","8815.102,953.6825","5426.463,999.3634","6559.985,4019.3657","4518.2124,4058.488","4711.966,2883.3176","755.0969,4100.7017","8914.52,2934.1946","6719.4136,2510.607","6006.4707,6057.928"
488,"4668.1797,349.22583","8012.733,2809.2407","6231.8296,108.858315","5085.5923,2365.0764","3613.7246,1105.743","7277.3813,4671.16","7040.1826,-274.42847","8699.872,1918.8818","6905.8584,1138.7968","7665.1763,5328.3315","9877.581,248.00058","4321.781,3685.1917","5678.869,2610.383","6514.4336,4191.996","9006.578,976.9065","5443.128,971.19336","6729.648,3928.0103","4599.602,3976.4277","4782.5615,2871.7842","795.7481,4110.9854","8988.27,2952.8706","6857.8438,2460.2822","6068.446,6000.942"
489,"4837.906,417.53036","8190.313,2827.2454","6394.383,81.822426","5227.6562,2382.4731","3772.1575,1098.8275","7410.6997,4655.811","7155.81,-310.36246","8836.796,1999.2626","7070.2495,1124.1824","7782.053,5298.526","10217.071,315.61008","4412.1377,3619.9966","5829.6646,2548.0156","6570.7817,4235.5117","9190.187,1004.82965","5456.056,951.1457","6902.126,3828.8357","4683.5693,3893.7014","4860.7085,2860.2634","837.11786,4122.0654","9063.63,2974.211","7005.4146,2405.9216","6125.4136,5939.141"
490,"5023.361,492.28882","8369.423,2847.3271","6562.341,61.45003","5382.4424,2398.8333","3933.2446,1089.9753","7555.3716,4634.442","7269.841,-337.25513","8969.543,2070.3245","7232.8833,1114.7263","7900.1636,5259.706","10537.009,386.91336","4507.8047,3550.7927","5994.819,2487.5696","6628.4326,4279.573","9364.121,1038.1141","5465.259,939.6696","7076.092,3721.8027","4770.067,3810.7085","4946.137,2848.2073","878.10565,4133.427","9139.833,2997.552","7161.962,2347.224","6176.8013,5872.562"
491,"5224.4727,572.61694","8548.456,2869.066","6734.041,47.77455","5550.041,2413.636","4096.4,1078.6772","7711.1333,4606.4155","7382.4824,-355.05597","9097.441,2130.9834","7392.505,1110.527","8018.3755,5210.408","10834.442,460.40842","4607.8516,3477.793","6173.3145,2429.8525","6688.129,4323.208","9526.818,1077.3468","5470.77,937.10425","7250.1724,3606.9238","4859.0757,3727.8523","5038.4272,2835.0674","917.6543,4144.5513","9216.082,3022.144","7327.1196,2283.935","6222.1353,5801.3213"
492,"5440.8887,657.5188","8725.789,2892.001","6907.761,40.638046","5730.211,2426.395","4261.0435,1064.4343","7877.4297,4571.2144","7494.0005,-363.89478","9219.809,2180.2405","7547.89,1111.5316","8135.6865,5149.379","11106.737,534.56714","4711.0396,3401.3708","6363.716,2375.6104","6750.5234,4365.4736","9677.031,1122.9625","5472.604,943.6524","7422.9683,3484.262","4950.569,3645.5264","5137.019,2820.3184","954.8116,4154.95","9291.603,3047.207","7500.271,2215.868","6261.0615,5725.623"
493,"5671.9365,745.9168","8899.808,2915.6367","7081.7847,39.694546","5922.328,2436.6704","4426.631,1046.7926","8053.4287,4528.47","7604.6626,-364.0763","9335.928,2217.1956","7697.8833,1117.5029","8251.241,5075.655","11351.602,607.9143","4815.8794,3322.0728","6564.2124,2325.5007","6816.071,4405.5107","9813.877,1175.1658","5470.75,959.36096","7593.1357,3353.9412","5044.4707,3564.0974","5241.25,2803.49","988.8017,4164.1987","9365.6875,3071.991","7680.5425,2142.9155","6293.393,5645.749"
494,"5916.5923,836.6787","9068.955,2939.4546","7254.429,44.42404","6125.304,2444.0796","4592.6367,1025.3829","8237.997,4478.018","7714.677,-356.07968","9445.042,2241.0566","7841.43,1127.9976","8364.36,4988.664","11567.15,679.0868","4920.665,3240.6255","6772.637,2280.0425","6884.933,4442.5933","9936.831,1233.8601","5465.1675,984.09564","7759.3877,3216.1572","5140.5986,3483.8887","5350.346,2784.1675","1019.0562,4171.9688","9437.786,3095.8262","7866.7515,2065.064","6319.135,5562.0503"
495,"6173.4717,928.6232","9231.742,2962.9268","7424.093,54.14816","6337.5737,2448.3086","4758.564,999.95044","8429.707,4419.905","7824.1313,-340.54874","9546.359,2251.16","7977.5796,1142.3599","8474.539,4888.2876","11751.923,746.8724","5023.583,3157.9036","6986.5225,2239.6123","6956.9277,4476.1577","10045.725,1298.6034","5455.796,1017.52966","7920.539,3071.206","5238.6104,3405.168","5463.461,2762.0076","1045.2378,4178.037","9507.485,3118.1814","8057.4316,1982.4004","6338.51,5474.974"
496,"6440.8267,1020.5434","9386.771,2985.4958","7589.2427,68.051605","6557.072,2449.109","4923.9146,970.36707","8626.853,4354.3984","7932.9634,-318.2809","9639.08,2247.0002","8105.5083,1159.725","8581.421,4774.9004","11904.912,810.22864","5122.778,3074.9136","7203.167,2204.4263","7031.508,4505.8237","10140.722,1368.5918","5442.576,1059.1362","8075.5103,2919.5188","5337.968,3328.1472","5579.6675,2736.7405","1067.2325,4182.3086","9574.592,3138.688","8250.814,1895.1189","6351.963,5385.053"
497,"6716.574,1111.2097","9532.73,3006.5972","7748.4507,85.215195","6781.2817,2446.3035","5088.2,936.6467","8827.482,4281.9795","8040.916,-290.21588","9722.421,2228.2603","8224.541,1179.0414","8684.788,4649.3877","12025.601,868.288","5216.4546,2992.749","7419.7046,2174.5195","7107.766,4531.401","10222.242,1442.6654","5425.4644,1108.1959","8223.323,2761.6907","5437.915,3252.9807","5697.9688,2708.1736","1085.128,4184.8013","9639.071,3157.1702","8444.883,1803.5225","6360.127,5292.9067"
498,"6998.3276,1199.3948","9668.426,3025.6562","7900.382,104.64414","7007.312,2439.779","5250.9053,898.9365","9029.443,4203.335","8147.547,-257.4097","9795.674,2194.8572","8334.132,1199.1125","8784.507,4513.108","12113.962,920.35474","5302.9634,2912.5442","7633.216,2149.7668","7184.4893,4552.862","10290.937,1519.3461","5404.483,1163.8175","8363.124,2598.503","5537.487,3179.785","5817.3105,2676.194","1099.1792,4185.6465","9701.067,3173.641","8637.402,1708.0208","6363.805,5199.2373"
499,"7283.468,1283.8901","9792.7705,3042.097","8043.79,125.308525","7231.9976,2429.4834","5411.495,857.5066","9230.427,4119.308","8252.223,-221.0099","9858.231,2146.972","8433.893,1218.6428","8880.499,4367.835","12170.481,965.8886","5380.9023,2835.418","7840.8306,2129.874","7260.2295,4570.33","10347.603,1596.912","5379.7153,1224.9692","8494.141,2430.9321","5635.5283,3108.6414","5936.596,2640.7659","1109.7592,4185.0664","9760.858,3188.299","8826.032,1609.1184","6363.877,5104.8027"
500,"7569.2324,1363.5337","9904.82,3055.3735","8177.55,146.18306","7452.075,2415.415","5569.419,812.7305","9428.063,4030.877","8354.161,-182.22592","9909.65,2085.083","8523.597,1236.3046","8972.703,4215.6665","12196.147,1004.4884","5449.173,2762.417","8039.839,2114.405","7333.4116,4584.042","10393.144,1673.479","5351.3564,1290.5322","8615.72,2260.137","5730.761,3039.6274","6054.716,2601.935","1117.3258,4183.351","9818.796,3201.492","9008.417,1507.4055","6361.225,5010.3877"
501,"7852.8047,1437.2491","10003.814,3064.9756","8300.665,166.28601","7664.3213,2397.6277","5724.112,765.0622","9619.997,3939.1162","8452.451,-142.28235","9949.654,2009.976","8603.186,1250.8049","9061.051,4058.9026","12192.446,1035.8759","5507.062,2694.472","8227.824,2102.8005","7402.446,4594.3325","10428.518,1747.1008","5319.721,1359.3513","8727.339,2087.4287","5821.855,2972.818","6170.571,2559.8376","1122.384,4180.8447","9875.264,3213.6782","9182.308,1403.5322","6356.646,4916.7583"
502,"8131.4243,1504.0748","10089.207,3070.4727","8412.305,184.72484","7865.763,2376.2188","5875.018,715.01685","9803.982,3845.1523","8546.117,-102.3813","9978.175,1922.724","8672.754,1260.9558","9145.438,3899.9026","12161.33,1059.8589","5554.289,2632.3594","8402.762,2094.417","7465.8345,4601.598","10454.685,1815.8713","5285.2534,1430.2928","8828.626,1914.2196","5907.5054,2908.3096","6283.1113,2514.6895","1125.4607,4177.91","9930.621,3225.3777","9345.697,1298.1951","6350.758,4824.622"
503,"8402.482,1563.1952","10160.713,3071.5215","8511.865,200.72836","8053.799,2351.333","6021.6104,663.15137","9977.983,3750.1382","8634.16,-63.6578","9995.332,1824.6617","8732.584,1265.7349","9225.722,3740.9631","12105.17,1076.3169","5591.002,2576.6746","8563.103,2088.5571","7522.2754,4606.2837","10472.594,1878.0042","5248.5312,1502.3011","8919.388,1741.9603","5986.521,2846.2078","6391.401,2466.8035","1127.1029,4174.928","9985.161,3237.1143","9496.934,1192.1027","6343.934,4734.5835"
504,"8663.617,1613.966","10218.348,3067.8916","8598.977,213.68478","8226.358,2323.1575","6163.4165,610.04175","10140.255,3655.2046","8715.608,-27.135338","10001.442,1717.3132","8783.106,1264.3435","9301.7295,3584.1982","12026.68,1085.1758","5617.8,2527.824","8707.82,2084.5264","7570.7285,4608.8647","10483.143,1931.9187","5210.2617,1574.4323","8999.661,1572.079","6057.894,2786.638","6494.6367,2416.5752","1127.869,4172.2715","10039.067,3249.3718","9634.822,1085.9529","6336.2817,4647.122"
505,"8912.777,1655.932","10262.436,3059.456","8673.561,223.15433","8381.959,2291.9187","6300.0405,556.27716","10289.4,3561.4443","8789.552,6.297731","9996.978,1602.3265","8824.903,1256.225","9373.263,3431.4453","11928.866,1086.3711","5635.662,2486.0334","8836.449,2081.6787","7610.4775,4609.8335","10487.161,1976.2867","5171.2637,1645.8881","9069.71,1405.9119","6120.851,2729.725","6592.1953,2364.474","1128.3229,4170.286","10092.3955,3262.5461","9758.67,980.41705","6327.6406,4562.5713"
506,"9148.289,1688.834","10293.6,3046.209","8735.822,228.8761","8519.751,2257.8818","6431.1807,502.43857","10424.434,3469.8718","8855.197,35.915833","9982.556,1481.3811","8858.67,1241.0933","9440.133,3284.218","11814.913,1079.8588","5645.893,2451.359","8949.032,2079.4417","7641.1284,4609.6904","10485.436,2010.0657","5132.4272,1716.0183","9130.037,1244.6545","6174.8774,2675.592","6683.637,2311.0303","1129.0461,4169.2915","10145.094,3276.9268","9868.319,876.1153","6317.612,4481.132"
507,"9368.872,1712.6005","10312.751,3028.2366","8786.251,230.76715","8639.482,2221.3408","6556.6313,449.09186","10544.776,3381.3955","8911.885,61.170437","9958.906,1356.1191","8885.194,1218.9169","9502.185,3143.686","11688.105,1065.6028","5650.04,2423.7083","9046.089,2077.3613","7662.612,4608.9263","10478.659,2032.521","5094.6865,1784.3247","9181.395,1089.3214","6219.7344,2624.3403","6768.731,2256.8076","1130.62,4169.567","10196.996,3292.683","9964.097,773.6062","6305.6494,4402.8784"
508,"9573.668,1727.3397","10321.037,3005.7163","8825.582,228.8986","8741.4375,2182.617","6676.3193,396.76627","10650.239,3296.8057","8959.116,81.68031","9926.844,1228.081","8905.302,1189.903","9559.315,3010.6858","11551.742,1043.5822","5649.782,2402.869","9128.528,2075.0986","7675.147,4608.0093","10467.473,2043.2214","5058.96,1850.4418","9224.709,940.72424","6255.4453,2576.048","6847.431,2202.387","1133.6154,4171.3325","10247.866,3309.8716","10046.764,673.38116","6291.1323,4327.793"
509,"9762.202,1733.3204","10319.77,2978.884","8854.75,223.47015","8826.3545,2142.0503","6790.2656,345.94626","10741.012,3216.7393","8996.582,97.23164","9887.26,1098.6632","8919.847,1154.4619","9611.502,2885.7532","11409.035,1013.81744","5646.817,2388.53","9197.57,2072.45","7679.2007,4607.362","10452.473,2042.0323","5026.118,1914.1155","9261.064,799.46625","6282.26,2530.7563","6919.859,2148.3386","1138.5703,4174.7524","10297.423,3328.4434","10117.432,575.86066","6273.457,4255.8022"
510,"9934.372,1730.9421","10310.379,2948.032","8874.84,214.78224","8895.316,2099.9907","6898.587,297.06104","10817.582,3141.6843","9024.162,107.75933","9841.088,969.0863","8929.681,1113.1694","9658.798,2769.1787","11263.066,976.3862","5642.787,2380.309","9254.626,2069.332","7675.413,4607.3623","10434.207,2029.0913","4996.9336,1975.186","9291.64,665.94525","6300.628,2488.472","6986.282,2095.199","1145.9755,4179.9263","10345.393,3348.2734","10177.444,481.39343","6252.0947,4186.7876"
511,"10090.425,1720.718","10294.323,2913.4805","8887.029,203.20445","8949.654,2056.7964","7001.501,250.47246","10880.707,3071.9683","9041.932,113.33409","9789.283,840.40125","8935.626,1066.7191","9701.354,2661.0405","11116.683,931.4441","5639.183,2377.766","9301.233,2065.7625","7664.592,4608.3213","10413.194,2004.783","4972.068,2033.5634","9317.665,540.3706","6311.1514,2449.1653","7047.09,2043.4562","1156.2496,4186.8916","10391.518,3369.1748","10228.294,390.2707","6226.6694,4120.6353"
512,"10230.884,1703.2432","10273.06,2875.569","8892.542,189.1434","8990.845,2012.826","7099.2764,206.47289","10931.333,3007.7664","9050.154,114.137054","9732.825,713.47546","8938.474,1015.8854","9739.4,2561.2688","10972.488,879.237","5637.305,2380.4346","9338.962,2061.843","7647.6143,4610.4766","10389.932,1969.7065","4952.025,2089.2126","9340.351,422.78482","6314.548,2412.7769","7102.7446,1993.5398","1169.7291,4195.6245","10435.591,3390.9258","10271.525,302.72253","6196.989,4057.237"
513,"10356.503,1679.175","10247.976,2834.6504","8892.588,173.02715","9020.448,1968.4396","7192.24,165.28174","10970.541,2949.1165","9049.284,110.44826","9672.674,589.02264","8938.982,961.4876","9773.241,2469.6804","10832.785,820.11743","5638.211,2387.826","9369.3545,2057.739","7625.4263,4614.0044","10364.906,1924.6365","4937.1846,2142.141","9360.862,313.0908","6311.607,2379.22","7153.7705,1945.818","1186.6497,4206.0454","10477.4795,3413.2874","10308.653,218.93045","6163.038,3996.5134"
514,"10468.23,1649.2115","10220.36,2791.0742","8888.355,155.2745","9040.041,1923.9918","7280.74,127.04719","10999.501,2895.9294","9039.912,102.61847","9609.774,467.61572","8937.855,904.3544","9803.241,2386.0122","10699.559,754.53644","5642.7065,2399.4465","9393.87,2053.6646","7598.9897,4619.0054","10338.59,1870.4923","4927.7617,2192.3872","9380.272,211.07854","6303.161,2348.3896","7200.7275,1900.5913","1207.1567,4218.031","10517.112,3436.014","10341.105,139.0335","6124.9995,3938.4077"
515,"10567.126,1614.0735","10191.378,2745.193","8880.959,136.29773","9051.158,1879.825","7365.1294,91.85436","11019.401,2848.024","9022.768,91.05972","9545.022,349.7078","8935.768,845.2998","9829.8,2309.951","10574.465,683.05365","5651.3545,2414.8105","9413.875,2049.847","7569.256,4625.518","10311.44,1808.2943","4923.85,2240.0125","9399.543,116.45041","6290.048,2320.1675","7244.1714,1858.1001","1231.2975,4231.4263","10554.492,3458.871","10370.189,63.13685","6083.203,3882.9001"
516,"10654.338,1574.4905","10162.05,2697.3562","8871.432,116.47787","9055.267,1836.2767","7445.7593,59.729572","11031.446,2805.14","8998.674,76.230484","9479.264,235.65376","8933.328,785.1044","9853.339,2241.158","10458.833,606.3108","5664.4946,2433.4458","9430.581,2046.5254","7537.144,4633.5327","10283.907,1739.1298","4925.4155,2285.097","9419.515,28.846226","6273.09,2294.4302","7284.665,1818.5231","1259.0358,4246.0483","10589.689,3481.647","10397.048,-8.687832","6038.1177,3829.9836"
517,"10731.04,1531.1874","10133.259,2647.9077","8860.706,96.170494","9053.734,1793.6617","7522.942,30.65228","11036.79,2766.9714","8968.51,58.613293","9413.276,125.72815","8931.109,724.49695","9874.293,2179.2769","10353.672,525.02747","5682.247,2454.903","9445.068,2043.9327","7503.527,4642.991","10256.415,1664.1188","4932.3223,2327.7358","9440.875,-52.12937","6253.0767,2271.0498","7322.737,1781.9929","1290.2566,4261.7036","10622.818,3504.1458","10422.661,-76.388504","5990.3184,3779.6877"
518,"10798.403,1484.8737","10105.741,2597.186","8849.619,75.69526","9047.819,1752.2784","7596.972,4.5595775","11036.534,2733.1765","8933.2,38.711582","9347.767,20.140198","8929.616,664.1468","9893.075,2123.9521","10259.686,439.98322","5704.566,2478.7578","9458.272,2042.2819","7469.203,4653.8022","10229.359,1584.387","4944.3486,2368.0283","9464.178,-126.89712","6230.755,2249.9019","7358.878,1748.5898","1324.7825,4278.1924","10654.045,3526.2095","10447.838,-139.9378","5940.4375,3732.0422"
519,"10857.555,1436.2345","10080.106,2545.5312","8838.889,55.3349","9038.649,1712.4006","7668.091,-18.641804","11031.697,2703.4097","8893.668,17.025124","9283.366,-80.95297","8929.298,604.65533","9910.096,2074.8289","10177.299,351.9956","5731.2505,2504.6162","9470.976,2041.7582","7434.902,4665.843","10203.11,1501.0402","4961.2065,2406.081","9489.831,-195.87871","6206.8076,2230.8643","7393.546,1718.3567","1362.3876,4295.3247","10683.55,3547.7065","10473.217,-199.3261","5889.147,3687.0867"
520,"10909.562,1385.9261","10056.828,2493.274","8829.117,35.3378","9027.223,1674.2712","7736.504,-39.069443","11023.21,2677.3262","8850.813,-5.9415045","9220.612,-177.437","8930.523,546.5533","9925.723,2031.5673","10106.681,261.89615","5761.994,2532.1162","9483.836,2042.5167","7401.253,4678.9795","10177.983,1415.1404","4982.549,2441.9998","9518.1,-259.4837","6181.8525,2213.8196","7427.13,1691.2944","1402.8016,4312.9146","10711.55,3568.5378","10499.281,-254.56215","5837.1196,3644.8662"
521,"10955.407,1334.5674","10036.276,2440.7385","8820.815,15.916873","9014.395,1638.1063","7802.3623,-56.857216","11011.92,2654.5933","8805.5,-29.710207","9159.973,-269.22964","8933.598,490.30313","9940.296,1993.837","10047.782,170.52437","5796.4004,2560.9243","9497.368,2044.6748","7368.809,4693.0674","10154.254,1327.6923","5007.9893,2475.893","9549.125,-318.10638","6156.4487,2198.6562","7459.974,1667.3779","1445.7345,4330.7905","10738.251,3588.634","10526.371,-305.67084","5785.0176,3605.4219"
522,"10995.984,1282.7349","10018.706,2388.2473","8814.372,-2.7509916","9000.899,1604.082","7865.791,-72.15132","10998.558,2634.9028","8758.531,-53.82016","9101.841,-356.27884","8938.74,436.28912","9954.106,1961.3209","10000.3545,78.696205","5834.017,2590.7444","9511.986,2048.3154","7338.0273,4707.953","10132.136,1239.6323","5037.121,2507.8645","9582.933,-372.10925","6131.0835,2185.267","7492.371,1646.5487","1490.8682,4348.8057","10763.861,3607.9536","10554.696,-352.6936","5733.462,3568.7805"
523,"11032.074,1230.9618","10004.299,2336.1062","8810.091,-20.5204","8987.338,1572.3446","7926.867,-85.101715","10983.766,2617.9685","8710.651,-77.84538","9046.52,-438.55304","8946.098,384.83545","9967.418,1933.7189","9963.987,-12.80407","5874.352,2621.301","9527.978,2053.4807","7309.267,4723.485","10111.797,1151.8181","5069.513,2538.0098","9619.442,-421.82715","6106.1772,2173.5508","7524.5444,1628.7262","1537.8798,4366.815","10788.577,3626.482","10584.362,-395.68793","5683.032,3534.9622"
524,"11064.373,1179.7339","9993.137,2284.6123","8808.186,-37.27913","8974.199,1543.0015","7985.6377,-95.86114","10968.092,2603.53","8662.522,-101.393425","8994.2705,-516.0447","8955.743,336.19998","9980.438,1910.7445","9938.14,-103.235535","5916.8965,2652.3538","9545.55,2060.183","7282.8047,4739.5195","10093.348,1065.0225","5104.7344,2566.4248","9658.492,-467.5583","6082.088,2163.4102","7556.6733,1613.8107","1586.4409,4384.7","10812.58,3644.2217","10615.363,-434.7245","5634.2363,3503.9783"
525,"11093.462,1129.4863","9985.245,2234.0464","8808.783,-52.93604","8961.86,1516.1289","8042.1294,-104.58109","10951.998,2591.3516","8614.737,-124.1122","8945.262,-588.75977","8967.676,290.57535","9993.349,1892.1232","9922.168,-191.91518","5961.1426,2683.679","9564.821,2068.4004","7258.839,4755.916","10076.852,979.9353","5142.3467,2593.1924","9699.847,-509.56747","6059.114,2154.754","7588.8813,1601.6813","1636.224,4402.3584","10836.027,3661.1968","10647.6455,-469.89206","5587.5273,3475.8179"
526,"11119.84,1080.6062","9980.581,2184.6682","8811.946,-67.4301","8950.605,1491.7689","8096.342,-111.40839","10935.853,2581.2212","8567.806,-145.69402","8899.631,-656.7255","8981.844,248.10608","10006.278,1877.5938","9915.349,-278.22458","6006.589,2715.0771","9585.84,2078.0884","7237.497,4772.5425","10062.324,897.1576","5181.922,2618.394","9743.223,-548.08777","6037.501,2147.4915","7621.2544,1592.2047","1686.9049,4419.692","10859.049,3677.4368","10681.069,-501.2881","5543.283,3450.456"
527,"11143.917,1033.4316","9979.055,2136.7195","8817.683,-80.717636","8940.636,1469.9364","8148.268,-116.48525","10919.957,2572.9482","8522.165,-165.87177","8857.445,-719.9787","8998.132,208.88527","10019.332,1866.9067","9916.911,-361.61307","6052.7627,2746.3677","9608.592,2089.177","7218.8433,4789.2725","10049.75,817.2114","5223.051,2642.0986","9788.298,-583.3201","6017.433,2141.539","7653.827,1585.2373","1738.1732,4436.625","10881.753,3692.9856","10715.461,-529.02374","5501.8164,3427.8577"
528,"11166.022,988.2521","9980.533,2090.4155","8825.937,-92.77512","8932.086,1450.6184","8197.893,-119.94556","10904.542,2566.3555","8478.181,-184.4291","8818.749,-778.5764","9016.387,172.95947","10032.581,1859.8162","9926.0625,-441.6053","6099.21,2777.3853","9633.012,2101.578","7202.877,4805.998","10039.069,740.53534","5265.3403,2664.3743","9834.723,-615.4382","5999.053,2136.8147","7686.6094,1580.6276","1789.7246,4453.0884","10904.215,3707.8906","10750.609,-553.22327","5463.3706,3407.9614"
529,"11186.419,945.31134","9984.849,2045.9476","8836.625,-103.58779","8925.029,1433.7778","8245.188,-121.91737","10889.783,2561.2883","8436.152,-201.188","8783.532,-832.5865","9036.422,140.34192","10046.067,1856.0939","9941.984,-517.79395","6145.522,2807.979","9658.997,2115.1921","7189.567,4822.6133","10030.203,667.4908","5308.4155,2685.2756","9882.144,-644.5946","5982.4644,2133.2393","7719.5776,1578.2178","1841.2727,4469.0205","10926.502,3722.1934","10786.288,-574.0146","5428.128,3390.703"
530,"11205.316,904.8065","9991.811,2003.4823","8849.634,-113.156715","8919.504,1419.3623","8290.14,-122.52148","10875.807,2557.5981","8396.312,-216.01384","8751.754,-882.09235","9058.031,111.008865","10059.811,1855.51","9963.877,-589.8489","6191.322,2838.0105","9686.408,2129.9097","7178.8423,4839.025","10023.056,598.3698","5351.9326,2704.8606","9930.211,-670.9201","5967.726,2130.7358","7752.694,1577.8489","1892.5465,4484.3716","10948.639,3735.9446","10822.261,-591.5365","5396.2095,3375.9941"
531,"11222.879,866.89716","10001.201,1963.1616","8864.817,-121.4886","8915.503,1407.2974","8332.729,-121.86806","10862.688,2555.1558","8358.848,-228.81108","8723.357,-927.1867","9080.993,84.91246","10073.804,1857.847","9990.967,-657.50464","6236.276,2867.357","9715.092,2145.6182","7170.5957,4855.1523","10017.51,533.39636","5395.5776,2723.1777","9978.583,-694.53125","5954.873,2129.231","7785.8984,1579.3623","1943.2921,4499.101","10970.63,3749.1812","10858.294,-605.92804","5367.6885,3363.7405"
532,"11239.221,831.7016","10012.792,1925.0944","8882.013,-128.59967","8912.987,1397.5005","8372.942,-120.06349","10850.487,2553.8367","8323.8955,-239.51791","8698.249,-967.9784","9105.076,61.98099","10088.035,1862.8954","10022.506,-720.564","6280.0933,2895.9036","9744.87,2162.1963","7164.7104,4870.918","10013.451,472.73718","5439.0635,2740.269","10026.933,-715.53357","5943.905,2128.6543","7819.1133,1582.6018","1993.2756,4513.173","10992.477,3761.9434","10894.156,-617.3391","5342.5854,3353.8354"
533,"11254.435,799.30566","10026.363,1889.3715","8901.057,-134.50815","8911.928,1389.8762","8410.787,-117.20541","10839.217,2553.5264","8291.536,-248.10863","8676.327,-1004.584","9130.061,42.125626","10102.477,1870.4421","10057.778,-778.8889","6322.529,2923.5486","9775.564,2179.53","7161.0537,4886.259","10010.749,416.5012","5482.135,2756.1782","10074.964,-734.0241","5934.803,2128.937","7852.2646,1587.4136","2042.285,4526.5527","11014.151,3774.259","10929.637,-625.91583","5320.8823,3346.1628"
534,"11268.602,769.7605","10041.672,1856.0542","8921.778,-139.23672","8912.256,1384.3241","8446.258,-113.38585","10828.882,2554.1184","8261.829,-254.58485","8657.472,-1037.1364","9155.729,25.244898","10117.092,1880.2927","10096.129,-832.3996","6363.3735,2950.2039","9806.99,2197.5051","7159.4834,4901.1167","10009.287,364.74683","5524.5645,2770.9434","10122.401,-750.0921","5927.5303,2130.012","7885.2715,1593.6501","2090.1267,4539.223","11035.618,3786.1562","10964.537,-631.8076","5302.528,3340.6003"
535,"11281.764,743.0911","10058.502,1825.1842","8943.997,-142.81018","8913.902,1380.7377","8479.381,-108.691574","10819.471,2555.5146","8234.796,-258.97055","8641.551,-1065.7721","9181.872,11.223085","10131.834,1892.2477","10136.945,-881.0622","6402.4526,2975.7896","9838.96,2216.0103","7159.85,4915.4453","10008.941,317.49664","5566.161,2784.6033","10169.006,-763.8285","5922.0327,2131.8162","7918.0425,1601.1702","2136.6338,4551.1685","11056.832,3797.652","10998.683,-635.1624","5287.445,3337.0269"
536,"11293.965,719.29553","10076.623,1796.7802","8967.541,-145.25635","8916.806,1379.0056","8510.178,-103.201385","10810.957,2557.6243","8210.423,-261.31055","8628.42,-1090.64","9208.308,-0.058586802","10146.658,1906.1191","10179.673,-924.8917","6439.644,3000.2395","9871.307,2234.9453","7162.0117,4929.202","10009.592,274.72675","5606.7593,2797.1934","10214.564,-775.31714","5918.244,2134.2878","7950.5103,1609.84","2181.6519,4562.3745","11077.75,3808.7634","11031.914,-636.1281","5275.527,3335.309"
537,"11305.252,698.35065","10095.828,1770.8405","8992.241,-146.6044","8920.888,1379.0175","8538.682,-96.99322","10803.311,2560.3604","8188.69,-261.6695","8617.939,-1111.8943","9234.854,-8.725418","10161.519,1921.7262","10223.805,-963.9358","6474.8486,3023.4988","9903.853,2254.2083","7165.8257,4942.353","10011.134,236.38725","5646.22,2808.749","10258.894,-784.64594","5916.0884,2137.3672","7982.5835,1619.5325","2225.0544,4572.838","11098.31,3819.497","11064.107,-634.8514","5266.655,3335.3157"
538,"11315.652,680.2147","10115.916,1747.3496","9017.939,-146.88538","8926.082,1380.6632","8564.947,-90.1381","10796.492,2563.6453","8169.549,-260.1231","8609.956,-1129.6958","9261.361,-14.905016","10176.368,1938.8926","10268.887,-998.2796","6508.001,3045.5222","9936.443,2273.7112","7171.1562,4954.873","10013.458,202.39525","5684.432,2819.3064","10301.838,-791.90393","5915.4854,2140.9985","8014.2046,1630.1292","2266.7373,4582.554","11118.46,3829.8613","11095.151,-631.4747","5260.6953,3336.9216"
539,"11325.198,664.8288","10136.707,1726.2736","9044.479,-146.12726","8932.323,1383.8339","8589.017,-82.70325","10790.463,2567.4077","8152.9297,-256.76056","8604.324,-1144.21","9287.691,-18.72733","10191.164,1957.4503","10314.5205,-1028.0328","6539.0605,3066.279","9968.934,2293.3738","7177.866,4966.74","10016.474,172.65091","5721.3066,2828.8982","10343.284,-797.17725","5916.3506,2145.127","8045.298,1641.5214","2306.6086,4591.532","11138.152,3839.852","11124.969,-626.1346","5257.5054,3339.9983"
540,"11333.929,652.12115","10158.03,1707.5663","9071.714,-144.36522","8939.548,1388.4221","8610.958,-74.751854","10785.185,2571.58","8138.7627,-251.67448","8600.888,-1155.606","9313.727,-20.319036","10205.861,1977.24","10360.347,-1053.3262","6568.018,3085.7458","10001.19,2313.1199","7185.8394,4977.9395","10020.092,147.02773","5756.7744,2837.5618","10383.126,-800.55786","5918.597,2149.7014","8075.8125,1653.6061","2344.6033,4599.7734","11157.334,3849.476","11153.484,-618.9689","5256.9365,3344.4216"
541,"11341.873,642.0086","10179.724,1691.1696","9099.506,-141.63039","8947.6875,1394.3241","8630.833,-66.34426","10780.618,2576.1018","8126.9604,-244.96736","8599.502,-1164.0542","9339.367,-19.806498","10220.418,1998.1119","10406.066,-1074.3121","6594.88,3103.9094","10033.098,2332.8777","7194.9536,4988.4663","10024.229,125.389565","5790.7847,2845.329","10421.293,-802.1383","5922.134,2154.6716","8105.6895,1666.2888","2380.6667,4607.291","11175.958,3858.7266","11180.661,-610.10895","5258.8394,3350.0713"
542,"11349.071,634.39996","10201.649,1677.0182","9127.732,-137.95747","8956.69,1401.4413","8648.716,-57.535873","10776.721,2580.9187","8117.432,-236.74126","8600.02,-1169.7244","9364.524,-17.313955","10234.805,2019.9227","10451.399,-1091.1532","6619.6704,3120.768","10064.543,2352.5942","7205.1045,4998.311","10028.818,107.5846","5823.3047,2852.2375","10457.736,-802.0086","5926.8716,2159.9922","8134.889,1679.4841","2414.7668,4614.099","11193.984,3867.603","11206.459,-599.6797","5263.062,3356.8364"
543,"11355.559,629.1956","10223.682,1665.0349","9156.272,-133.381","8966.5,1409.6785","8664.68,-48.379963","10773.455,2585.9812","8110.0776,-227.10051","8602.301,-1172.7892","9389.129,-12.961691","10248.982,2042.5371","10496.119,-1104.0255","6642.4297,3136.3257","10095.4375,2372.2117","7216.1885,5007.477","10033.786,93.455376","5854.3164,2858.3186","10492.421,-800.263","5932.7227,2165.6174","8163.375,1693.1124","2446.8804,4620.2153","11211.379,3876.1013","11230.874,-587.80304","5269.455,3364.6003"
544,"11361.382,626.29236","10245.709,1655.1416","9185.021,-127.936035","8977.062,1418.9447","8678.801,-38.92607","10770.784,2591.2446","8104.797,-216.1499","8606.205,-1173.4156","9413.133,-6.8663507","10262.926,2065.8335","10540.032,-1113.1084","6663.206,3150.5935","10125.697,2391.6833","7228.1113,5015.97","10039.078,82.83504","5883.809,2863.6077","10525.337,-796.9927","5939.598,2171.5059","8191.1104,1707.0992","2477.0017,4625.656","11228.109,3884.217","11253.898,-574.5946","5277.8755,3373.2676"
