frame,ball_x,ball_y,id_10_team_0_x,id_10_team_0_y,id_11_team_1_x,id_11_team_1_y,id_12_team_1_x,id_12_team_1_y,id_13_team_0_x,id_13_team_0_y,id_14_team_1_x,id_14_team_1_y,id_15_team_1_x,id_15_team_1_y,id_16_team_0_x,id_16_team_0_y,id_17_team_0_x,id_17_team_0_y,id_18_team_1_x,id_18_team_1_y,id_1_team_0_x,id_1_team_0_y,id_20_team_0_x,id_20_team_0_y,id_22_team_1_x,id_22_team_1_y,id_281_team_0_x,id_281_team_0_y,id_2_team_0_x,id_2_team_0_y,id_3_team_1_x,id_3_team_1_y,id_45_team_0_x,id_45_team_0_y,id_4_team_0_x,id_4_team_0_y,id_5_team_0_x,id_5_team_0_y,id_6_team_1_x,id_6_team_1_y,id_7_team_1_x,id_7_team_1_y,id_8_team_1_x,id_8_team_1_y,id_9_team_1_x,id_9_team_1_y
436,3589.1367,5353.4385,7994.923,3007.699,5115.3525,5179.712,8167.6953,6041.7256,7825.1943,4236.717,5066.7036,2100.9155,7935.9775,1250.6996,6861.3853,4745.6196,5582.8203,5914.9272,8202.241,3313.6526,6935.706,6365.8174,5892.948,3988.4785,2986.861,4784.267,10480.235,3704.7126,8036.7026,5093.026,5223.2666,6269.186,7824.3564,2695.9512,6840.4346,5483.974,8045.421,6089.852,6468.716,5460.9478,8450.987,5425.598,7501.504,6578.014,6784.357,2328.3633
437,3521.2537,5315.945,7944.5674,2982.3406,5069.126,5176.5767,8117.7905,6009.0703,7784.9053,4217.7476,4998.4536,2093.7737,7875.467,1217.9022,6820.0737,4728.5244,5564.3247,5877.927,8160.381,3316.792,6895.496,6348.377,5867.0967,3971.4424,2957.1523,4770.638,10449.918,3694.4602,7995.274,5077.3896,5187.76,6256.619,7796.155,2692.3574,6798.657,5458.8213,8006.6206,6067.59,6396.25,5431.788,8406.901,5433.912,7472.5674,6536.5366,6741.0293,2308.9353
438,3454.716,5278.192,7892.681,2958.6685,5023.65,5174.648,8067.135,5977.1533,7745.6143,4201.2285,4933.9297,2086.451,7819.904,1187.4874,6778.921,4709.451,5547.173,5843.451,8122.063,3321.5056,6857.2354,6331.449,5840.088,3954.0557,2928.701,4757.453,10423.534,3683.3018,7954.4355,5062.665,5154.877,6245.876,7764.719,2689.019,6754.3833,5433.0386,7967.886,6047.6143,6328.477,5403.979,8365.505,5441.2974,7445.014,6496.3667,6698.215,2290.713
439,3390.7769,5241.1035,7840.8647,2935.8254,4979.077,5173.2363,8017.388,5945.5674,7706.4795,4185.894,4872.5137,2079.485,7768.0654,1158.7638,6738.1343,4689.618,5531.384,5810.658,8085.9966,3327.2126,6820.8423,6314.1963,5813.0034,3936.6726,2901.0342,4744.352,10399.621,3671.7217,7914.745,5048.403,5124.1914,6236.276,7731.7812,2685.6113,6709.2534,5407.287,7930.0693,6028.394,6264.3384,5377.221,8326.048,5447.6904,7418.8755,6457.7324,6656.0596,2273.3872
440,3330.3218,5205.0186,7790.2695,2913.7188,4935.9014,5172.27,7969.3,5914.5522,7668.1357,4171.326,4814.056,2073.0066,7719.4375,1131.6027,6698.6187,4669.7026,5516.726,5779.4595,8051.9062,3333.6157,6786.639,6296.742,5786.27,3919.5527,2874.2957,4731.6235,10377.68,3660.2117,7876.5376,5034.668,5095.361,6227.8706,7698.6064,2682.1028,6664.3223,5381.9585,7893.562,6009.716,6203.6987,5351.294,8288.592,5453.3496,7393.913,6420.873,6614.701,2256.6711
441,3273.9048,5170.0557,7741.537,2892.299,4894.359,5171.655,7923.184,5884.192,7631.072,4157.3057,4758.374,2067.0486,7673.6895,1105.9312,6660.791,4650.1025,5503.063,5749.6797,8019.5684,3340.5315,6754.7573,6279.2383,5760.196,3902.7327,2848.5076,4719.419,10357.354,3649.052,7839.9976,5021.499,5068.2583,6220.6094,7665.858,2678.4766,6620.356,5357.267,7858.6445,5991.528,6146.417,5326.023,8253.079,5458.493,7369.97,6385.8003,6574.249,2240.4263
442,3221.7722,5136.2285,7694.9883,2871.5366,4854.546,5171.3066,7879.136,5854.537,7595.601,4143.7114,4705.299,2061.612,7630.57,1081.7,6624.819,4631.0195,5490.2866,5721.217,7988.7725,3347.8262,6725.185,6261.8306,5735.009,3886.2031,2823.6965,4707.8003,10338.337,3638.3867,7805.177,5008.9053,5042.807,6214.376,7633.8926,2674.7046,6577.8584,5333.2935,7825.4814,5973.8237,6092.3755,5301.292,8219.451,5463.235,7346.958,6352.446,6534.784,2224.5786
443,3173.9312,5103.4834,7650.744,2851.4211,4816.5054,5171.1343,7837.1357,5825.6206,7561.888,4130.4966,4654.683,2056.6536,7589.8896,1058.8529,6590.7266,4612.543,5478.29,5693.938,7959.3765,3355.3872,6697.816,6244.6426,5710.8584,3869.9226,2799.8713,4696.7793,10320.427,3628.282,7772.0615,4996.876,5018.971,6209.0093,7602.888,2670.7742,6537.1396,5310.0723,7794.1113,5956.6265,6041.426,5277.0283,8187.6187,5467.6797,7324.809,6320.6924,6496.377,2209.1094
444,3130.3752,5071.779,7608.81,2831.9355,4780.159,5171.087,7797.1226,5797.421,7530.054,4117.6216,4606.396,2052.1472,7551.4956,1037.3517,6558.4775,4594.679,5467.042,5667.76,7931.25,3363.148,6672.536,6227.7603,5687.857,3853.8442,2776.9941,4686.3403,10303.426,3618.7266,7740.6094,4985.3604,4996.7153,6204.386,7572.9443,2666.6697,6498.325,5287.549,7764.5615,5939.9272,5993.425,5253.1636,8157.509,5471.8457,7303.508,6290.3936,6459.0776,2194.005
445,3091.0862,5041.0713,7569.1646,2813.1025,4745.4614,5171.0737,7758.9575,5769.891,7500.104,4105.103,4560.3384,2048.0513,7515.2905,1017.2053,6527.9863,4577.4077,5456.5054,5642.5376,7904.3022,3371.0715,6649.2217,6211.207,5666.0474,3837.8638,2755.0,4676.4355,10287.223,3609.697,7710.7646,4974.292,4976.0635,6200.3687,7544.066,2662.3708,6461.453,5265.6807,7736.7856,5923.7246,5948.227,5229.6196,8128.9756,5475.7983,7282.992,6261.3696,6422.898,2179.2764
446,3055.8132,5011.3037,7531.7183,2794.9016,4712.3184,5171.0674,7722.5537,5743.046,7472.0195,4092.9302,4516.4136,2044.3413,7481.1406,998.3558,6499.1753,4560.663,5446.6313,5618.255,7878.446,3379.0686,6627.6655,6195.0366,5645.4355,3822.0066,2733.8696,4667.0156,10271.678,3601.1516,7682.429,4963.6206,4956.902,6196.833,7516.2617,2657.8796,6426.496,5244.404,7710.7227,5907.998,5905.685,5206.3877,8101.975,5479.491,7263.271,6233.5117,6387.867,2164.9187
447,3024.3647,4982.4253,7496.3857,2777.3333,4680.6636,5171.0254,7687.798,5716.8735,7445.7437,4081.1147,4474.55,2040.9962,7448.9443,980.7704,6471.9614,4544.3833,5437.399,5594.8623,7853.6265,3387.0933,6607.7075,6179.2676,5626.0146,3806.2517,2713.5588,4658.0337,10256.713,3593.0522,7655.513,4953.285,4939.17,6193.6836,7489.511,2653.1992,6393.3896,5223.6685,7686.3022,5892.7324,5865.666,5183.441,8076.423,5482.921,7244.3364,6206.711,6353.9883,2150.9294
448,2996.566,4954.4243,7463.0737,2760.4233,4650.455,5170.886,7654.5693,5691.3447,7421.18,4069.689,4434.6465,2037.9686,7418.6323,964.4204,6446.265,4528.532,5428.7686,5572.224,7829.8286,3395.126,6589.2563,6163.8784,5607.7456,3790.5332,2693.9778,4649.43,10242.326,3585.3638,7629.9663,4943.247,4922.886,6190.8306,7463.784,2648.3618,6362.06,5203.463,7663.4126,5877.9326,5828.019,5160.7603,8052.19,5486.17,7226.143,6180.8433,6321.264,2137.3484
449,2972.227,4927.274,7431.6865,2744.1465,4621.6104,5170.642,7622.804,5666.4653,7398.2686,4058.6335,4396.6455,2035.2544,7390.103,949.2552,6422.0225,4513.0503,5420.743,5550.347,7806.9863,3403.1143,6572.183,6148.8716,5590.6196,3774.89,2675.1125,4641.1636,10228.433,3578.036,7605.716,4933.465,4907.9473,6188.2085,7439.07,2643.3767,6332.4355,5183.738,7641.99,5863.562,5792.65,5138.3413,8029.2383,5489.1807,7208.702,6155.847,6289.6777,2124.1614
450,2950.9885,4900.7495,7401.8813,2728.4158,4594.0137,5170.2393,7592.8594,5642.37,7377.0303,4047.839,4360.4507,2032.8008,7363.2285,934.91364,6399.3027,4497.994,5413.645,5528.8223,7785.324,3410.9673,6556.6206,6134.311,5574.9473,3759.392,2657.0151,4633.2603,10215.3545,3571.003,7582.9097,4924.0527,4894.34,6185.665,7415.736,2638.4827,6304.715,5164.6685,7621.986,5849.6875,5759.216,5116.3247,8007.506,5492.16,7191.9053,6131.689,6259.338,2111.4766
451,2933.1687,4875.176,7374.1797,2713.3752,4567.727,5169.6978,7563.833,5618.726,7357.263,4037.5688,4326.144,2030.6886,7338.0728,922.0344,6377.85,4483.126,5406.8774,5508.346,7764.3687,3418.7947,6542.0,6120.0513,5560.05,3743.877,2639.411,4625.5605,10202.39,3564.2976,7561.0947,4914.6797,4881.951,6183.4023,7393.02,2633.234,6278.2725,5145.838,7603.3135,5836.1406,5728.115,5094.3945,7986.9355,5494.706,7175.9824,6108.2344,6230.04,2099.059
452,2918.3318,4850.386,7348.196,2698.9397,4542.6475,5169.0044,7536.0728,5595.714,7338.96,4027.6985,4293.5913,2028.8628,7314.499,910.24225,6357.6973,4468.5146,5400.701,5488.5522,7744.309,3426.5034,6528.462,6106.1646,5546.193,3728.4663,2622.3982,4618.105,10189.846,3557.8735,7540.412,4905.475,4870.7007,6181.2603,7371.263,2627.876,6253.3096,5127.4272,7585.9185,5822.995,5699.0024,5072.7275,7967.491,5496.9995,7160.772,6085.4985,6201.8457,2087.0188
453,2906.3699,4826.363,7323.858,2685.0786,4518.7153,5168.157,7509.554,5573.32,7322.075,4018.2144,4262.747,2027.3179,7292.4473,899.48315,6338.8154,4454.1416,5395.14,5469.4077,7725.131,3434.0798,6515.9688,6092.645,5533.37,3713.1726,2605.9424,4610.873,10177.71,3551.6992,7520.839,4896.4272,4860.5454,6179.2275,7350.4736,2622.4326,6229.769,5109.4297,7569.7603,5810.2437,5671.7925,5051.3247,7949.132,5499.0483,7146.277,6063.447,6174.7373,2075.3474
454,2897.19,4803.1187,7301.128,2671.8462,4495.942,5167.0957,7484.131,5551.488,7306.508,4009.1887,4233.5415,2026.0067,7271.9165,889.76874,6321.1353,4440.0317,5390.15,5450.7266,7706.896,3441.5564,6504.5,6079.453,5521.4653,3697.884,2589.905,4603.832,10166.085,3545.7812,7502.363,4887.5205,4851.5576,6177.282,7330.585,2616.949,6207.577,5091.887,7554.7485,5797.918,5646.3394,5030.169,7931.7026,5501.014,7132.4194,6041.9907,6148.7104,2064.0981
455,2890.64,4780.616,7279.916,2659.1575,4474.243,5165.86,7459.8813,5530.258,7292.2554,4000.538,4205.9478,2024.9551,7252.797,880.99786,6304.664,4426.135,5385.7725,5432.6206,7689.5205,3448.875,6493.9893,6066.6,5510.5464,3682.7278,2574.3726,4596.9785,10154.856,3540.0725,7484.9453,4878.759,4843.5884,6175.4126,7311.6543,2611.4297,6186.7207,5074.7617,7540.8633,5785.9697,5622.637,5009.2905,7915.2764,5502.762,7119.2607,6021.1636,6123.739,2053.2224
456,2886.6396,4758.834,7260.1904,2646.9832,4453.568,5164.4707,7436.7773,5509.637,7279.2715,3992.2458,4179.953,2024.183,7235.019,873.1591,6289.363,4412.4224,5382.002,5415.166,7672.928,3456.0142,6484.3696,6054.093,5500.598,3667.7605,2559.367,4590.2993,10143.943,3534.5515,7468.524,4870.132,4836.527,6173.6113,7293.6455,2605.8547,6167.1543,5058.0186,7528.077,5774.3706,5600.664,4988.689,7899.866,5504.2188,7106.7896,6000.9688,6099.755,2042.6794
457,2885.1528,4737.795,7241.926,2635.3115,4433.8584,5162.957,7414.763,5489.613,7267.506,3984.295,4155.5283,2023.6948,7218.544,866.271,6275.1787,4398.876,5378.8022,5398.418,7657.0396,3462.9722,6475.5938,6041.91,5491.563,3653.0042,2544.8862,4583.7793,10133.263,3529.1953,7453.0464,4861.609,4830.292,6171.8765,7276.4907,2600.188,6148.8086,5041.6025,7516.373,5763.0903,5580.413,4968.349,7885.454,5505.3086,7094.9756,5981.3965,6076.6973,2032.4415
458,2886.061,4717.4385,7225.0415,2624.0796,4415.065,5161.3306,7393.931,5470.203,7256.9556,3976.6348,4132.6562,2023.4957,7203.309,860.2291,6262.1206,4385.498,5376.249,5382.3604,7641.8726,3469.7112,6467.643,6030.0684,5483.508,3638.5276,2530.97,4577.42,10122.81,3523.9824,7438.5264,4853.2144,4824.8276,6170.199,7260.2715,2594.4688,6131.702,5025.54,7505.7285,5752.1113,5561.8154,4948.307,7872.0415,5506.0073,7083.843,5962.456,6054.5806,2022.492
459,2889.2637,4697.7725,7209.5103,2613.3142,4397.1895,5159.578,7374.2017,5451.382,7247.564,3969.3022,4111.28,2023.5657,7189.305,855.0235,6250.162,4372.298,5374.2886,5366.9365,7627.4487,3476.26,6460.5024,6018.5654,5476.3574,3624.2788,2517.534,4571.2173,10112.633,3518.928,7424.94,4844.944,4820.164,6168.5864,7244.943,2588.7236,6115.7705,5009.844,7496.095,5741.4614,5544.794,4928.5596,7859.5654,5506.3945,7073.3765,5944.1196,6033.4053,2012.8524
460,2894.7344,4678.785,7195.3022,2603.0386,4380.2227,5157.668,7355.5396,5433.1104,7239.2915,3962.3254,4091.361,2023.8782,7176.5293,850.6409,6239.276,4359.317,5372.942,5352.0083,7613.832,3482.6458,6454.197,6007.377,5470.0854,3610.1875,2504.4944,4565.1636,10102.819,3514.0376,7412.3125,4836.7974,4816.3667,6167.0347,7230.507,2582.988,6100.9917,4994.554,7487.4385,5731.1533,5529.2446,4909.1,7847.925,5506.587,7063.538,5926.335,6013.189,2003.5547
461,2902.3254,4660.466,7182.3755,2593.207,4364.1216,5155.6523,7337.942,5415.4316,7232.115,3955.665,4072.8784,2024.458,7164.896,847.0471,6229.4395,4346.514,5372.1797,5337.719,7600.926,3488.8413,6448.649,5996.523,5464.685,3596.352,2491.921,4559.257,10093.255,3509.2961,7400.565,4828.772,4813.283,6165.547,7216.9414,2577.241,6087.3257,4979.617,7479.7534,5721.1636,5515.1885,4889.951,7837.195,5506.455,7054.344,5909.1504,5993.878,1994.5463
462,2911.9434,4642.8223,7170.68,2583.8323,4348.9062,5153.4976,7321.39,5398.328,7225.9854,3949.3345,4055.7737,2025.2633,7154.4067,844.18524,6220.6353,4333.9224,5371.9824,5323.9478,7588.7896,3494.8599,6443.889,5985.9863,5460.123,3582.722,2479.7578,4553.4995,10084.039,3504.7202,7389.727,4820.878,4810.9937,6164.1133,7204.2637,2571.535,6074.7676,4965.083,7472.983,5711.5137,5502.5483,4871.123,7827.291,5506.1143,7045.7803,5892.534,5975.5195,1985.8772
463,2923.508,4625.832,7160.2007,2574.8945,4334.561,5151.21,7305.869,5381.8,7220.8784,3943.3245,4040.0376,2026.2902,7145.0347,842.0401,6212.844,4321.535,5372.3267,5310.7104,7577.4097,3500.6814,6439.862,5975.7783,5456.3687,3569.3284,2468.0112,4547.892,10075.148,3500.3047,7379.7666,4813.116,4809.436,6162.7285,7192.458,2565.8562,6063.285,4950.95,7467.099,5702.203,5491.2896,4852.627,7818.196,5505.538,7037.837,5876.4844,5958.108,1977.5281
464,2936.981,4609.481,7150.9062,2566.389,4321.0615,5148.789,7291.3423,5365.837,7216.7754,3937.6477,4025.6414,2027.5378,7136.7505,840.59094,6206.0347,4309.3647,5373.239,5297.972,7566.787,3506.3274,6436.567,5965.898,5453.4165,3556.15,2456.652,4542.435,10066.605,3496.05,7370.683,4805.4834,4808.602,6161.4062,7181.5176,2560.2214,6052.8516,4937.2246,7462.086,5693.245,5481.3574,4834.4614,7809.8774,5504.7705,7030.4985,5860.99,5941.624,1969.491
465,2952.2717,4593.8037,7142.7505,2558.3044,4308.4116,5146.24,7277.819,5350.4385,7213.621,3932.2705,4012.5286,2028.9768,7129.5327,839.7925,6200.2,4297.4106,5374.6597,5285.733,7556.9004,3511.7832,6434.017,5956.3203,5451.2295,3543.201,2445.6897,4537.1255,10058.402,3491.9578,7362.4673,4797.989,4808.508,6160.1235,7171.4434,2554.6426,6043.4644,4923.9053,7457.898,5684.6064,5472.75,4816.6343,7802.3184,5503.807,7023.7803,5846.047,5926.0757,1961.7987
466,2969.3135,4578.7515,7135.716,2550.6191,4296.5693,5143.58,7265.2847,5335.608,7211.412,3927.19,4000.7065,2030.6278,7123.341,839.63635,6195.312,4285.6685,5376.61,5274.0264,7547.728,3517.04,6432.148,5947.063,5449.8057,3530.516,2435.141,4531.9634,10050.503,3488.016,7355.083,4790.63,4809.063,6158.8965,7162.215,2549.1094,6035.0947,4910.9795,7454.54,5676.2915,5465.421,4799.1562,7795.5293,5502.6074,7017.668,5831.6587,5911.4307,1954.4059
467,2988.1318,4564.2856,7129.814,2543.3943,4285.6055,5140.6694,7253.7124,5321.2554,7210.15,3922.5127,3990.146,2032.4017,7118.2856,840.10547,6191.3735,4274.1885,5379.1147,5262.4727,7539.4976,3522.152,6431.0444,5938.137,5449.131,3517.904,2424.8071,4526.9805,10043.204,3484.2668,7348.591,4783.4697,4810.5186,6157.734,7153.85,2543.688,6027.707,4898.6006,7451.8896,5668.432,5459.132,4782.0312,7789.303,5501.5356,7012.0786,5817.7324,5897.8247,1947.3944
468,3008.6458,4550.43,7124.987,2536.5684,4275.422,5137.638,7243.0894,5307.438,7209.7974,3918.1296,3980.8218,2034.3741,7114.209,841.18335,6188.346,4262.9355,5382.165,5251.3687,7531.9834,3527.0837,6430.6255,5929.516,5449.201,3505.5232,2414.8464,4522.1357,10036.232,3480.6616,7342.9243,4776.4478,4812.628,6156.6284,7146.3228,2538.3381,6021.3076,4886.6255,7450.037,5660.8975,5454.0425,4765.2495,7783.7983,5500.2935,7007.0703,5804.3257,5885.1055,1940.6925
469,3030.7961,4537.173,7121.2144,2530.1333,4266.0063,5134.489,7233.4033,5294.151,7210.3374,3914.0354,3972.71,2036.5388,7111.092,842.8475,6186.2153,4251.913,5385.7524,5240.705,7525.1816,3531.8347,6430.876,5921.1987,5450.0024,3493.3743,2405.2551,4517.429,10029.589,3477.202,7338.072,4769.568,4815.375,6155.5767,7139.6265,2533.0657,6015.881,4875.054,7448.966,5653.6826,5450.123,4748.815,7779.0024,5498.8877,7002.6377,5791.436,5873.2646,1934.3009
470,3054.529,4524.503,7118.473,2524.0825,4257.3477,5131.2227,7224.646,5281.3916,7211.745,3910.225,3965.7878,2038.8895,7108.9116,845.0776,6184.9634,4241.1255,5389.8677,5230.4736,7519.09,3536.4043,6431.7847,5913.185,5451.5195,3481.4614,2396.0283,4512.8613,10023.272,3473.8867,7334.0234,4762.8306,4818.7427,6154.579,7133.7495,2527.8767,6011.4136,4863.8857,7448.6577,5646.7847,5447.3423,4732.73,7774.9004,5497.3257,6998.776,5779.059,5862.3003,1928.2179
471,3079.79,4512.411,7116.7383,2518.4102,4249.433,5127.8438,7216.8076,5269.155,7214.005,3906.6929,3960.0308,2041.4209,7107.645,847.8529,6184.575,4230.577,5394.4995,5220.6636,7513.6997,3540.7915,6433.335,5905.473,5453.741,3469.7861,2387.1616,4508.4316,10017.284,3470.7163,7330.7637,4756.239,4822.7173,6153.6357,7128.686,2522.7751,6007.89,4853.1196,7449.095,5640.1997,5445.6733,4716.998,7771.4795,5495.615,6995.476,5767.192,5852.205,1922.4414
472,3106.5244,4500.8857,7115.9893,2513.1091,4242.2515,5124.3555,7209.8765,5257.4375,7217.096,3903.4343,3955.4165,2044.1262,7107.2725,851.1539,6185.0356,4220.27,5399.6416,5211.2695,7509.0063,3544.996,6435.5156,5898.064,5456.652,3458.3494,2378.6497,4504.14,10011.623,3467.69,7328.282,4749.793,4827.2812,6152.743,7124.426,2517.765,6005.2935,4842.7573,7450.2637,5633.9224,5445.0894,4701.6216,7768.7246,5493.7617,6992.735,5755.827,5842.974,1916.9711
473,3134.6821,4489.917,7116.201,2508.1743,4235.7905,5120.7603,7203.84,5246.235,7221.0,3900.4446,3951.9219,2046.999,7107.7695,854.9611,6186.325,4210.2075,5405.282,5202.281,7505.004,3549.018,6438.314,5890.9565,5460.241,3447.1555,2370.489,4499.9883,10006.287,3464.8074,7326.5703,4743.495,4832.422,6151.9014,7120.9624,2512.852,6003.6104,4832.7954,7452.1445,5627.951,5445.559,4686.603,7766.6235,5491.7725,6990.545,5744.961,5834.6006,1911.8048
474,3164.209,4479.4966,7117.3545,2503.5989,4230.0396,5117.0625,7198.6924,5235.542,7225.6963,3897.7185,3949.5261,2050.0342,7109.118,859.25635,6188.4336,4200.392,5411.4136,5193.692,7501.6836,3552.8577,6441.7163,5884.15,5464.4946,3436.2039,2362.6758,4495.976,10001.28,3462.0667,7325.6133,4737.3477,4838.1235,6151.111,7118.282,2508.0398,6002.825,4823.234,7454.7217,5622.281,5447.0586,4671.9443,7765.1636,5489.6533,6988.901,5734.5894,5827.0776,1906.9404
475,3195.0564,4469.6147,7119.425,2499.3767,4224.9863,5113.267,7194.4185,5225.355,7231.168,3895.251,3948.2056,2053.2253,7111.2944,864.0208,6191.342,4190.8257,5418.0264,5185.496,7499.042,3556.5154,6445.711,5877.6396,5469.4014,3425.4976,2355.2056,4492.1035,9996.596,3459.468,7325.4014,4731.3506,4844.3745,6150.369,7116.379,2503.3333,6002.9224,4814.0713,7457.979,5616.9077,5449.562,4657.6484,7764.333,5487.4087,6987.798,5724.708,5820.3994,1902.3772
476,3227.1733,4460.261,7122.393,2495.5017,4220.62,5109.375,7191.0083,5215.67,7237.396,3893.0376,3947.939,2056.5674,7114.2812,869.237,6195.034,4181.511,5425.1113,5177.684,7497.0693,3559.9912,6450.287,5871.429,5474.9463,3415.0383,2348.0752,4488.3726,9992.235,3457.0095,7325.922,4725.506,4851.158,6149.6763,7115.2417,2498.7349,6003.8877,4805.3066,7461.903,5611.8276,5453.0444,4643.716,7764.1187,5485.0464,6987.229,5715.3115,5814.5596,1898.1124
477,3260.511,4451.4287,7126.2344,2491.968,4216.929,5105.3916,7188.453,5206.4814,7244.362,3891.072,3948.7056,2060.054,7118.056,874.8866,6199.4976,4172.4507,5432.6587,5170.2524,7495.759,3563.2861,6455.432,5865.5146,5481.119,3404.8271,2341.281,4484.783,9988.199,3454.6917,7327.1655,4719.8164,4858.4624,6149.033,7114.8623,2494.2507,6005.707,4796.938,7466.4775,5607.0376,5457.4814,4630.149,7764.509,5482.5693,6987.192,5706.3965,5809.5493,1894.1454
478,3295.021,4443.108,7130.93,2488.77,4213.9033,5101.3213,7186.739,5197.786,7252.0483,3889.35,3950.4827,2063.6804,7122.598,880.95294,6204.717,4163.645,5440.6616,5163.192,7495.102,3566.4014,6461.1357,5859.894,5487.906,3394.866,2334.8186,4481.336,9984.485,3452.5122,7329.1196,4714.2817,4866.274,6148.438,7115.228,2489.8828,6008.365,4788.9634,7471.684,5602.5312,5462.8486,4616.9497,7765.493,5479.9844,6987.677,5697.9595,5805.363,1890.474
479,3330.6555,4435.29,7136.4565,2485.9019,4211.53,5097.165,7185.858,5189.579,7260.437,3887.867,3953.2495,2067.4407,7127.8896,887.41907,6210.6733,4155.0967,5449.108,5156.4976,7495.0903,3569.337,6467.3887,5854.567,5495.294,3385.1562,2328.6858,4478.031,9981.095,3450.4707,7331.7715,4708.904,4874.58,6147.8896,7116.331,2485.6345,6011.849,4781.3804,7477.5117,5598.306,5469.122,4604.1187,7767.06,5477.295,6988.6797,5689.995,5801.9907,1887.0961
480,3367.3677,4427.967,7142.7944,2483.3584,4209.7993,5092.929,7185.7944,5181.8555,7269.5093,3886.6182,3956.9849,2071.3303,7133.908,894.2682,6217.357,4146.807,5457.991,5150.162,7495.7188,3572.095,6474.175,5849.5312,5503.2715,3375.6982,2322.8782,4474.869,9978.022,3448.567,7335.111,4703.683,4883.367,6147.3896,7118.159,2481.511,6016.144,4774.1875,7483.946,5594.3564,5476.2793,4591.6577,7769.1978,5474.508,6990.1973,5682.499,5799.4272,1884.01
481,3405.1091,4421.13,7149.9243,2481.1326,4208.698,5088.615,7186.541,5174.6104,7279.247,3885.5977,3961.666,2075.3438,7140.6377,901.48395,6224.748,4138.7773,5467.3,5144.181,7496.973,3574.676,6481.4873,5844.782,5511.8247,3366.4941,2317.3928,4471.849,9975.269,3446.7986,7339.1255,4698.622,4892.623,6146.936,7120.7026,2477.513,6021.2334,4767.382,7490.969,5590.6797,5484.297,4579.568,7771.8945,5471.6245,6992.2188,5675.468,5797.6636,1881.2136
482,3443.8347,4414.7705,7157.8223,2479.219,4208.218,5084.228,7188.084,5167.8394,7289.6343,3884.8008,3967.2722,2079.4756,7148.0537,909.05005,6232.833,4131.0083,5477.0264,5138.5474,7498.8496,3577.0815,6489.314,5840.322,5520.9414,3357.5442,2312.2258,4468.9736,9972.832,3445.1655,7343.803,4693.72,4902.334,6146.5303,7123.951,2473.6458,6027.1055,4760.961,7498.5674,5587.271,5493.153,4567.8477,7775.14,5468.6523,6994.741,5668.8945,5796.6895,1878.7053
483,3483.4983,4408.8794,7166.469,2477.6128,4208.345,5079.7715,7190.412,5161.537,7300.651,3884.2224,3973.781,2083.7212,7156.139,916.95044,6241.5957,4123.5015,5487.1587,5133.256,7501.3364,3579.3145,6497.644,5836.143,5530.6074,3348.8484,2307.3733,4466.24,9970.71,3443.6653,7349.1304,4688.979,4912.487,6146.1704,7127.891,2469.9111,6033.7446,4754.921,7506.728,5584.125,5502.823,4556.4995,7778.9233,5465.5957,6997.7583,5662.777,5796.497,1876.4822
484,3524.0547,4403.4497,7175.8433,2476.3074,4209.0693,5075.249,7193.514,5155.6973,7312.2812,3883.859,3981.1714,2088.076,7164.876,925.16986,6251.022,4116.258,5497.6904,5128.2993,7504.4233,3581.375,6506.467,5832.2476,5540.8105,3340.4082,2302.8315,4463.65,9968.9,3442.2983,7355.0977,4684.4,4923.0713,6145.858,7132.513,2466.312,6041.136,4749.2593,7515.434,5581.237,5513.2856,4545.5225,7783.23,5462.4575,7001.2627,5657.108,5797.0767,1874.5432
485,3565.458,4398.473,7185.924,2475.297,4210.3774,5070.6636,7197.375,5150.3164,7324.504,3883.7031,3989.4197,2092.534,7174.239,933.6923,6261.094,4109.2773,5508.6094,5123.673,7508.102,3583.266,6515.7705,5828.628,5551.538,3332.2227,2298.5964,4461.204,9967.404,3441.0623,7361.689,4679.983,4934.0723,6145.59,7137.805,2462.851,6049.264,4743.9717,7524.6714,5578.602,5524.5195,4534.915,7788.0522,5459.2427,7005.249,5651.885,5798.418,1872.8848
486,3607.6638,4393.941,7196.6885,2474.5767,4212.259,5066.0195,7201.9854,5145.3867,7337.303,3883.7524,3998.5046,2097.0918,7184.214,942.503,6271.798,4102.5605,5519.907,5119.37,7512.3613,3584.9897,6525.5435,5825.284,5562.775,3324.2925,2294.6648,4458.8994,9966.215,3439.955,7368.8936,4675.7275,4945.478,6145.368,7143.7534,2459.531,6058.115,4739.056,7534.428,5576.217,5536.5005,4524.679,7793.377,5455.956,7009.709,5647.101,5800.51,1871.5051
487,3650.6282,4389.844,7208.1177,2474.1394,4214.7,5061.3203,7207.3286,5140.9043,7350.6606,3884.0,4008.4036,2101.7444,7194.7783,951.58594,6283.116,4096.108,5531.5737,5115.386,7517.191,3586.5476,6535.7764,5822.214,5574.5083,3316.618,2291.0312,4456.7373,9965.331,3438.9766,7376.697,4671.6353,4957.277,6145.1924,7150.3467,2456.3547,6067.6733,4734.507,7544.6865,5574.074,5549.207,4514.813,7799.1924,5452.602,7014.636,5642.753,5803.3433,1870.4012
488,3694.307,4386.175,7220.1904,2473.9807,4217.6904,5056.5703,7213.3945,5136.8623,7364.5596,3884.4424,4019.094,2106.4863,7205.914,960.9272,6295.0337,4089.9197,5543.597,5111.714,7522.5806,3587.9434,6546.459,5819.411,5586.7246,3309.197,2287.6926,4454.7183,9964.751,3438.124,7385.086,4667.7075,4969.456,6145.0615,7157.571,2453.3235,6077.9214,4730.322,7555.4326,5572.1714,5562.6167,4505.3145,7805.4854,5449.184,7020.0234,5638.834,5806.9067,1869.5713
489,3738.657,4382.9253,7232.8843,2474.094,4221.217,5051.7715,7220.165,5133.2554,7378.978,3885.0737,4030.5532,2111.3142,7217.5986,970.5116,6307.534,4083.995,5555.97,5108.346,7528.5195,3589.1777,6557.576,5816.872,5599.4106,3302.0293,2284.6433,4452.8384,9964.472,3437.3962,7394.046,4663.9424,4982.0024,6144.976,7165.414,2450.44,6088.8457,4726.495,7566.6533,5570.503,5576.7065,4496.184,7812.2485,5445.7065,7025.864,5635.3374,5811.1865,1869.0116
490,3783.6357,4380.0864,7246.1797,2474.4731,4225.266,5046.929,7227.633,5130.0747,7393.9004,3885.889,4042.7573,2116.2222,7229.815,980.32495,6320.6,4078.3362,5568.681,5105.278,7534.9966,3590.2563,6569.121,5814.5947,5612.5527,3295.1155,2281.88,4451.0996,9964.488,3436.7925,7403.5654,4660.3413,4994.905,6144.9346,7173.8623,2447.7058,6100.4287,4723.0234,7578.3335,5569.062,5591.455,4487.418,7819.4644,5442.173,7032.1465,5632.2593,5816.1743,1868.7192
491,3829.2,4377.651,7260.0527,2475.1135,4229.826,5042.046,7235.777,5127.316,7409.3086,3886.8838,4055.684,2121.2075,7242.5405,990.3526,6334.217,4072.939,5581.72,5102.503,7541.997,3591.1794,6581.079,5812.5747,5626.136,3288.4531,2279.397,4449.501,9964.802,3436.3079,7413.628,4656.9033,5008.151,6144.9385,7182.9043,2445.123,6112.6562,4719.9014,7590.456,5567.846,5606.8394,4479.0166,7827.1235,5438.59,7038.867,5629.5933,5821.855,1868.692
492,3875.3079,4375.6094,7274.485,2476.0083,4234.884,5037.126,7244.5874,5124.9717,7425.1826,3888.0532,4069.3093,2126.2651,7255.7583,1000.58124,6348.365,4067.806,5595.0776,5100.0156,7549.514,3591.952,6593.4414,5810.807,5640.147,3282.0403,2277.1895,4448.0405,9965.402,3435.9429,7424.22,4653.6284,5021.7266,6144.9863,7192.5205,2442.6938,6125.51,4717.124,7603.0093,5566.8477,5622.838,4470.976,7835.214,5434.96,7046.016,5627.333,5828.2163,1868.9258
493,3921.9167,4373.9546,7289.4526,2477.151,4240.424,5032.1733,7254.046,5123.0347,7441.5054,3889.392,4083.611,2131.3906,7269.4463,1010.99567,6363.029,4062.9338,5608.741,5097.8076,7557.5312,3592.576,6606.1953,5809.2876,5654.571,3275.8767,2275.2527,4446.718,9966.292,3435.6946,7435.327,4650.5176,5035.622,6145.077,7202.7007,2440.419,6138.973,4714.6865,7615.977,5566.0635,5639.4277,4463.295,7843.7217,5431.2866,7053.586,5625.4707,5835.242,1869.4174
494,3968.9873,4372.6777,7304.9346,2478.5369,4246.435,5027.191,7264.1416,5121.4985,7458.2573,3890.8943,4098.5635,2136.5798,7283.5845,1021.58374,6378.193,4058.3232,5622.702,5095.8755,7566.037,3593.0557,6619.3286,5808.0137,5669.395,3269.961,2273.582,4445.5293,9967.461,3435.5613,7446.935,4647.569,5049.8228,6145.2114,7213.4297,2438.3005,6153.031,4712.583,7629.344,5565.4854,5656.5864,4455.9707,7852.636,5427.5728,7061.566,5624.001,5842.9224,1870.1642
495,4016.4773,4371.7705,7320.9097,2480.159,4252.9033,5022.1826,7274.855,5120.3555,7475.42,3892.5564,4114.1445,2141.829,7298.1543,1032.3308,6393.837,4053.9717,5636.9487,5094.2095,7575.019,3593.3938,6632.831,5806.979,5684.6045,3264.2905,2272.172,4444.4766,9968.908,3435.5403,7459.0264,4644.783,5064.317,6145.389,7224.6914,2436.3386,6167.6636,4710.8086,7643.0977,5565.11,5674.2925,4448.9995,7861.945,5423.825,7069.946,5622.919,5851.2417,1871.1608
496,4064.3477,4371.224,7337.3555,2482.0115,4259.813,5017.153,7286.1724,5119.598,7492.9766,3894.3718,4130.3286,2147.1348,7313.1353,1043.2249,6409.946,4049.8782,5651.4717,5092.8076,7584.463,3593.5945,6646.691,5806.1787,5700.1836,3258.8643,2271.0173,4443.5566,9970.63,3435.6292,7471.589,4642.158,5079.093,6145.6104,7236.4717,2434.5356,6182.857,4709.3574,7657.2197,5564.9297,5692.523,4442.3794,7871.6357,5420.044,7078.7217,5622.2153,5860.185,1872.4045
497,4112.556,4371.031,7354.2515,2484.0884,4267.1504,5012.1045,7298.078,5119.2188,7510.9067,3896.3354,4147.0933,2152.492,7328.5054,1054.252,6426.503,4046.0415,5666.2583,5091.661,7594.3574,3593.661,6660.8955,5805.608,5716.119,3253.679,2270.1128,4442.768,9972.619,3435.825,7484.6045,4639.694,5094.1367,6145.874,7248.756,2432.8918,6198.5903,4708.2227,7671.6987,5564.9414,5711.256,4436.107,7881.6934,5416.2354,7087.879,5621.8843,5869.7363,1873.891
498,4161.065,4371.1816,7371.5757,2486.3833,4274.9023,5007.042,7310.555,5119.21,7529.1924,3898.4438,4164.414,2157.8977,7344.247,1065.3995,6443.488,4042.4587,5681.299,5090.7646,7604.687,3593.5974,6675.433,5805.2617,5732.3975,3248.7336,2269.453,4442.1084,9974.871,3436.126,7498.0596,4637.3906,5109.437,6146.179,7261.5244,2431.4077,6214.8467,4707.3984,7686.517,5565.137,5730.4697,4430.178,7892.1064,5412.4004,7097.41,5621.919,5879.88,1875.6163
499,4209.835,4371.669,7389.3037,2488.8901,4283.053,5001.969,7323.5894,5119.5635,7547.8145,3900.6907,4182.2656,2163.3486,7360.34,1076.6554,6460.8853,4039.1296,5696.5835,5090.112,7615.4375,3593.4072,6690.291,5805.1353,5749.0024,3244.0247,2269.0334,4441.577,9977.38,3436.529,7511.9355,4635.2466,5124.9805,6146.5264,7274.767,2430.084,6231.6094,4706.8784,7701.663,5565.5117,5750.1406,4424.589,7902.864,5408.5435,7107.305,5622.312,5890.6016,1877.5763
500,4258.829,4372.4834,7407.418,2491.6025,4291.589,4996.8896,7337.1606,5120.2715,7566.7544,3903.0698,4200.625,2168.8406,7376.763,1088.0071,6478.6743,4036.0508,5712.099,5089.697,7626.595,3593.0952,6705.46,5805.2236,5765.92,3239.5508,2268.847,4441.171,9980.143,3437.0312,7526.2197,4633.2603,5140.756,6146.916,7288.4624,2428.9207,6248.8594,4706.6577,7717.1187,5566.0605,5770.247,4419.3354,7913.953,5404.668,7117.554,5623.055,5901.8823,1879.7655
501,4308.009,4373.6177,7425.896,2494.515,4300.4937,4991.806,7351.2544,5121.3257,7585.995,3905.5781,4219.4673,2174.3696,7393.4966,1099.4425,6496.841,4033.22,5727.8364,5089.512,7638.147,3592.665,6720.927,5805.5205,5783.1367,3235.3079,2268.8877,4440.887,9983.15,3437.6309,7540.8936,4631.431,5156.749,6147.346,7302.597,2427.919,6266.5796,4706.7266,7732.871,5566.7764,5790.7676,4414.4146,7925.357,5400.7773,7128.1465,5624.141,5913.7075,1882.1804
502,4357.337,4375.063,7444.714,2497.6199,4309.7524,4986.7236,7365.8545,5122.7188,7605.5166,3908.2087,4238.7686,2179.9326,7410.5234,1110.9503,6515.365,4030.6348,5743.784,5089.5522,7650.075,3592.1213,6736.6777,5806.0205,5800.6367,3231.2944,2269.1519,4440.7266,9986.399,3438.3235,7555.943,4629.7573,5172.95,6147.817,7317.1543,2427.0784,6284.75,4707.08,7748.9053,5567.654,5811.6797,4409.8213,7937.0654,5396.8755,7139.0703,5625.5635,5926.059,1884.8165
503,4406.7793,4376.8115,7463.8525,2500.9124,4319.351,4981.6455,7380.9414,5124.44,7625.3013,3910.958,4258.5024,2185.5269,7427.821,1122.5187,6534.2295,4028.2922,5759.931,5089.8105,7662.368,3591.4683,6752.7026,5806.7173,5818.4053,3227.506,2269.6318,4440.683,9989.883,3439.1072,7571.3496,4628.239,5189.3447,6148.329,7332.1167,2426.3984,6303.3535,4707.7114,7765.2056,5568.6865,5832.962,4405.55,7949.066,5392.964,7150.3164,5627.3125,5938.9194,1887.668
504,4456.2983,4378.854,7483.29,2504.385,4329.273,4976.5747,7396.5015,5126.4824,7645.33,3913.819,4278.6494,2191.1477,7445.3726,1134.137,6553.4155,4026.19,5776.267,5090.281,7675.0107,3590.7102,6768.989,5807.6064,5836.4297,3223.9407,2270.3218,4440.757,9993.593,3439.9783,7587.0986,4626.8726,5205.9214,6148.8804,7347.4673,2425.88,6322.37,4708.6143,7781.7583,5569.87,5854.5923,4401.5977,7961.344,5389.0454,7161.872,5629.381,5952.2725,1890.7301
505,4505.8604,4381.1826,7503.0044,2508.0327,4339.504,4971.5156,7412.514,5128.8384,7665.586,3916.7888,4299.1807,2196.7932,7463.1577,1145.794,6572.9062,4024.3252,5792.7803,5090.9565,7687.9863,3589.851,6785.524,5808.682,5854.6934,3220.5942,2271.2168,4440.9443,9997.527,3440.935,7603.174,4625.6587,5222.669,6149.4727,7363.1904,2425.521,6341.782,4709.78,7798.546,5571.1973,5876.548,4397.9585,7973.8867,5385.1255,7173.7285,5631.7603,5966.0986,1893.9982
506,4555.4316,4383.79,7522.976,2511.8484,4350.029,4966.471,7428.9624,5131.4976,7686.0503,3919.8608,4320.0747,2202.4595,7481.1562,1157.4791,6592.6836,4022.694,5809.46,5091.8306,7701.28,3588.896,6802.2983,5809.9365,5873.1836,3217.4624,2272.3093,4441.2437,10001.676,3441.973,7619.5566,4624.595,5239.5737,6150.104,7379.2686,2425.3223,6361.5703,4711.201,7815.558,5572.6616,5898.8086,4394.627,7986.6836,5381.205,7185.872,5634.4434,5980.381,1897.4669
507,4604.9795,4386.6655,7543.1826,2515.8267,4360.8315,4961.445,7445.8306,5134.45,7706.705,3923.0308,4341.306,2208.1436,7499.353,1169.1826,6612.729,4021.2944,5826.2944,5092.8984,7714.879,3587.8494,6819.2964,5811.366,5891.8843,3214.5432,2273.5942,4441.6504,10006.031,3443.0896,7636.235,4623.6797,5256.625,6150.7725,7395.682,2425.2825,6381.7163,4712.872,7832.778,5574.2593,5921.353,4391.598,7999.717,5377.2866,7198.294,5637.4214,5995.099,1901.1312
508,4654.4707,4389.8037,7563.605,2519.9604,4371.898,4956.4404,7463.1,5137.69,7727.5312,3926.2925,4362.853,2213.8428,7517.725,1180.8942,6633.024,4020.122,5843.275,5094.153,7728.7646,3586.7153,6836.508,5812.9634,5910.7827,3211.832,2275.0652,4442.163,10010.592,3444.2817,7653.187,4622.91,5273.81,6151.481,7412.419,2425.4011,6402.202,4714.783,7850.19,5575.984,5944.1597,4388.8667,8012.976,5373.374,7210.9795,5640.6846,6010.237,1904.9851
509,4703.875,4393.196,7584.222,2524.2441,4383.2104,4951.4614,7480.752,5141.2065,7748.5156,3929.6436,4384.6904,2219.5542,7536.2583,1192.6047,6653.554,4019.173,5860.388,5095.586,7742.9243,3585.4993,6853.921,5814.7217,5929.864,3209.3245,2276.7166,4442.7793,10015.345,3445.5461,7670.4014,4622.2866,5291.1167,6152.227,7429.458,2425.676,6423.0073,4716.9297,7867.7837,5577.8286,5967.207,4386.4277,8026.4478,5369.469,7223.918,5644.226,6025.7734,1909.0236
510,4753.161,4396.8325,7605.013,2528.6716,4394.756,4946.511,7498.7705,5144.991,7769.6357,3933.0757,4406.7954,2225.2747,7554.9307,1204.3043,6674.2983,4018.4453,5877.625,5097.1934,7757.342,3584.2046,6871.523,5816.6387,5949.114,3207.0176,2278.5408,4443.495,10020.287,3446.8794,7687.8584,4621.806,5308.535,6153.0107,7446.783,2426.1072,6444.1143,4719.302,7885.539,5579.7886,5990.4756,4384.275,8040.119,5365.5737,7237.097,5648.037,6041.6914,1913.2408
511,4802.3003,4400.7065,7625.9595,2533.2363,4406.5186,4941.592,7517.136,5149.035,7790.8794,3936.587,4429.145,2231.0017,7573.7285,1215.9846,6695.2397,4017.933,5894.974,5098.9697,7772.003,3582.8372,6889.302,5818.702,5968.5186,3204.9075,2280.5334,4444.307,10025.407,3448.2788,7705.5435,4621.4653,5326.0522,6153.833,7464.379,2426.6924,6465.504,4721.8926,7903.446,5581.8574,6013.944,4382.4014,8053.978,5361.6934,7250.5063,5652.109,6057.971,1917.6313
512,4851.262,4404.811,7647.0415,2537.9324,4418.4824,4936.708,7535.833,5153.329,7812.226,3940.171,4451.717,2236.7327,7592.6333,1227.6368,6716.3623,4017.634,5912.4253,5100.9067,7786.8906,3581.4006,6907.246,5820.9106,5988.0645,3202.9893,2282.6875,4445.214,10030.703,3449.7405,7723.4395,4621.264,5343.6567,6154.69,7482.2266,2427.4304,6487.159,4724.6953,7921.491,5584.03,6037.5913,4380.8037,8068.0103,5357.8276,7264.1333,5656.4326,6074.594,1922.1891
513,4900.0215,4409.136,7668.241,2542.7537,4430.6333,4931.861,7554.843,5157.8633,7833.661,3943.8237,4474.4883,2242.4653,7611.6255,1239.2528,6737.648,4017.5432,5929.966,5102.999,7801.99,3579.9,6925.3438,5823.2563,6007.739,3201.2588,2284.9966,4446.211,10036.165,3451.262,7741.5303,4621.1997,5361.3384,6155.5835,7500.308,2428.3196,6509.059,4727.7017,7939.6597,5586.302,6061.3984,4379.473,8082.2046,5353.98,7277.966,5660.9985,6091.5415,1926.9084
514,4948.549,4413.6753,7689.536,2547.6943,4442.956,4927.056,7574.1465,5162.631,7855.166,3947.5405,4497.438,2248.1968,7630.6914,1250.8246,6759.079,4017.6562,5947.5884,5105.2407,7817.287,3578.3398,6943.5835,5825.733,6027.526,3199.7122,2287.4543,4447.2954,10041.783,3452.839,7759.802,4621.27,5379.086,6156.5137,7518.608,2429.3572,6531.1855,4730.904,7957.936,5588.6655,6085.347,4378.405,8096.546,5350.1514,7291.99,5665.7993,6108.794,1931.7837
515,4996.822,4418.4214,7710.9106,2552.749,4455.4365,4922.295,7593.7295,5167.6216,7876.7285,3951.3167,4520.543,2253.9248,7649.814,1262.3451,6780.6406,4017.971,5965.2803,5107.6265,7832.7656,3576.725,6961.953,5828.3354,6047.4146,3198.3445,2290.0554,4448.465,10047.553,3454.4692,7778.2373,4621.473,5396.8867,6157.478,7537.1113,2430.543,6553.5234,4734.295,7976.3096,5591.1167,6109.4165,4377.5938,8111.025,5346.345,7306.1978,5670.8267,6126.331,1936.8087
516,5044.8115,4423.3657,7732.347,2557.911,4468.06,4917.58,7613.5728,5172.825,7898.3306,3955.147,4543.7812,2259.6475,7668.9785,1273.8065,6802.314,4018.481,5983.0327,5110.15,7848.4116,3575.059,6980.4414,5831.0566,6067.3896,3197.1526,2292.7937,4449.715,10053.466,3456.149,7796.819,4621.8057,5414.7324,6158.477,7555.798,2431.873,6576.052,4737.866,7994.766,5593.6504,6133.5884,4377.032,8125.627,5342.563,7320.573,5676.072,6144.136,1941.9775
517,5092.4976,4428.5005,7753.827,2563.1743,4480.8115,4912.915,7633.658,5178.235,7919.9565,3959.0283,4567.134,2265.3618,7688.1665,1285.2023,6824.0845,4019.1824,6000.8354,5112.804,7864.212,3573.3472,6999.0356,5833.891,6087.44,3196.1309,2295.6626,4451.0435,10059.515,3457.8757,7815.536,4622.2656,5432.6104,6159.5107,7574.6543,2433.3457,6598.7534,4741.612,8013.2925,5596.2617,6157.8433,4376.714,8140.342,5338.807,7335.108,5681.5244,6162.19,1947.2843
518,5139.856,4433.818,7775.3335,2568.5352,4493.678,4908.3022,7653.9707,5183.8413,7941.5947,3962.9553,4590.5786,2271.0664,7707.3657,1296.5259,6845.9355,4020.0713,6018.6772,5115.584,7880.1484,3571.5928,7017.7266,5836.8325,6107.552,3195.275,2298.6572,4452.4478,10065.693,3459.646,7834.368,4622.852,5450.5117,6160.577,7593.6636,2434.9592,6621.6104,4745.5234,8031.8755,5598.9434,6182.165,4376.633,8155.1553,5335.079,7349.7847,5687.1763,6180.472,1952.723
519,5186.8643,4439.3125,7796.8506,2573.985,4506.645,4903.7437,7674.491,5189.635,7963.226,3966.9236,4614.0977,2276.7588,7726.56,1307.7714,6867.8506,4021.1418,6036.549,5118.4854,7896.208,3569.8015,7036.501,5839.876,6127.713,3194.5808,2301.7698,4453.9224,10071.992,3461.4558,7853.305,4623.561,5468.425,6161.6772,7612.808,2436.71,6644.606,4749.5933,8050.505,5601.6934,6206.5337,4376.7837,8170.0576,5331.3794,7364.597,5693.0215,6198.9653,1958.2876
520,5233.502,4444.976,7818.36,2579.5205,4519.6987,4899.2417,7695.2046,5195.608,7984.8394,3970.9314,4637.6704,2282.4368,7745.737,1318.9331,6889.8154,4022.391,6054.4414,5121.5005,7912.378,3567.976,7055.3486,5843.014,6147.911,3194.044,2304.9958,4455.4653,10078.404,3463.3042,7872.329,4624.39,5486.3423,6162.8096,7632.072,2438.5955,6667.723,4753.8145,8069.1655,5604.5054,6230.9336,4377.158,8185.0366,5327.713,7379.5303,5699.047,6217.65,1963.9711
521,5279.75,4450.802,7839.8477,2585.1355,4532.8257,4894.801,7716.0938,5201.7515,8006.421,3974.9717,4661.277,2288.0994,7764.8823,1330.005,6911.815,4023.8132,6072.3438,5124.6255,7928.6416,3566.122,7074.259,5846.2427,6168.1357,3193.6597,2308.3289,4457.0737,10084.923,3465.1858,7891.427,4625.3374,5504.2505,6163.974,7651.443,2440.6138,6690.944,4758.178,8087.848,5607.3735,6255.3467,4377.751,8200.08,5324.0786,7394.573,5705.2476,6236.5107,1969.7694
522,5325.5903,4456.7812,7861.2983,2590.8247,4546.0137,4890.42,7737.142,5208.0566,8027.955,3979.0415,4684.901,2293.744,7783.9795,1340.9824,6933.8325,4025.404,6090.248,5127.854,7944.9883,3564.2424,7093.221,5849.555,6188.3716,3193.423,2311.7642,4458.745,10091.54,3467.0994,7910.5845,4626.4004,5522.143,6165.169,7670.903,2442.7605,6714.252,4762.6797,8106.5376,5610.297,6279.758,4378.556,8215.177,5320.4785,7409.713,5711.6147,6255.526,1975.6746
523,5371.003,4462.9087,7882.6963,2596.583,4559.25,4886.104,7758.334,5214.515,8049.4307,3983.1387,4708.5215,2299.3687,7803.0225,1351.8605,6955.8555,4027.1597,6108.144,5131.182,7961.4023,3562.3425,7112.2236,5852.946,6208.6113,3193.3298,2315.2952,4460.4746,10098.249,3469.041,7929.7886,4627.575,5540.0083,6166.395,7690.438,2445.0337,6737.6323,4767.311,8125.225,5613.267,6304.1494,4379.5664,8230.316,5316.915,7424.941,5718.1377,6274.68,1981.6823
524,5415.9727,4469.1772,7904.0283,2602.4048,4572.5215,4881.854,7779.6533,5221.119,8070.8354,3987.2573,4732.1235,2304.9727,7821.994,1362.635,6977.869,4029.0737,6126.0234,5134.6025,7977.8726,3560.4243,7131.256,5856.409,6228.842,3193.3757,2318.917,4462.259,10105.043,3471.0085,7949.025,4628.861,5557.8403,6167.65,7710.0312,2447.4294,6761.067,4772.064,8143.9,5616.2817,6328.5073,4380.7754,8245.49,5313.3887,7440.243,5724.811,6293.954,1987.7858
525,5460.484,4475.5806,7925.281,2608.2852,4585.8174,4877.671,7801.0845,5227.8604,8092.1562,3991.3948,4755.689,2310.5532,7840.8823,1373.3018,6999.8604,4031.1423,6143.878,5138.112,7994.382,3558.493,7150.3096,5859.94,6249.0503,3193.5562,2322.623,4464.096,10111.913,3472.9985,7968.279,4630.253,5575.627,6168.934,7729.6704,2449.9458,6784.542,4776.9326,8162.548,5619.3374,6352.816,4382.1763,8260.685,5309.9004,7455.6084,5731.6245,6313.3325,1993.9781
526,5504.5205,4482.1113,7946.4395,2614.2192,4599.1245,4873.558,7822.6123,5234.7295,8113.3833,3995.5476,4779.202,2316.1096,7859.6787,1383.8568,7021.8145,4033.3608,6161.6973,5141.7056,8010.9224,3556.552,7169.372,5863.534,6269.231,3193.867,2326.409,4465.9834,10118.854,3475.009,7987.539,4631.751,5593.3623,6170.2485,7749.341,2452.5784,6808.04,4781.9097,8181.1626,5622.4287,6377.062,4383.7646,8275.89,5306.453,7471.0283,5738.5713,6332.7974,2000.2554
527,5548.0703,4488.763,7967.4927,2620.2021,4612.4326,4869.515,7844.2217,5241.72,8134.503,3999.7126,4802.6484,2321.6406,7878.3716,1394.2969,7043.7188,4035.7236,6179.4756,5145.378,8027.4805,3554.6038,7188.4355,5867.185,6289.3687,3194.302,2330.269,4467.9155,10125.855,3477.0366,8006.7925,4633.3506,5611.037,6171.59,7769.0303,2455.324,6831.55,4786.9893,8199.731,5625.5513,6401.2295,4385.5327,8291.098,5303.046,7486.489,5745.643,6352.334,2006.61
528,5591.119,4495.531,7988.428,2626.2295,4625.73,4865.546,7865.898,5248.8237,8155.5044,4003.8865,4826.0103,2327.144,7896.9507,1404.6185,7065.5635,4038.2268,6197.2,5149.124,8044.042,3552.653,7207.4893,5870.889,6309.456,3194.8586,2334.1985,4469.892,10132.915,3479.0789,8026.029,4635.0493,5628.641,6172.9575,7788.722,2458.179,6855.0527,4792.164,8218.244,5628.7026,6425.307,4387.473,8306.298,5299.681,7501.981,5752.8315,6371.9214,2013.0378
529,5633.6567,4502.4067,8009.234,2632.2957,4639.0073,4861.65,7887.627,5256.034,8176.38,4008.066,4849.275,2332.6187,7915.406,1414.8195,7087.333,4040.8652,6214.8687,5152.94,8060.5977,3550.7024,7226.525,5874.64,6329.4834,3195.532,2338.1924,4471.9087,10140.024,3481.1338,8045.2334,4636.8447,5646.1694,6174.353,7808.4067,2461.1406,6878.5356,4797.428,8236.692,5631.878,6449.28,4389.5825,8321.48,5296.3594,7517.493,5760.13,6391.55,2019.5316
530,5675.67,4509.3857,8029.9,2638.3977,4652.254,4857.831,7909.394,5263.3413,8197.118,4012.2488,4872.4272,2338.0637,7933.7266,1424.8967,7109.0166,4043.6338,6232.471,5156.821,8077.1353,3548.7559,7245.5312,5878.434,6349.4404,3196.3176,2342.245,4473.963,10147.174,3483.1985,8064.397,4638.7334,5663.614,6175.7734,7828.069,2464.204,6901.9863,4802.7754,8255.066,5635.077,6473.1357,4391.852,8336.637,5293.081,7533.016,5767.529,6411.2,2026.0864
531,5717.151,4516.4604,8050.414,2644.5298,4665.4585,4854.0874,7931.1855,5270.74,8217.709,4016.4307,4895.455,2343.4775,7951.906,1434.8478,7130.602,4046.528,6249.999,5160.762,8093.644,3546.8152,7264.5005,5882.268,6369.317,3197.2112,2346.3528,4476.051,10154.361,3485.2712,8083.5073,4640.713,5680.966,6177.2207,7847.6987,2467.3672,6925.3896,4808.198,8273.356,5638.2925,6496.8633,4394.2773,8351.758,5289.8467,7548.5405,5775.024,6430.859,2032.6968
532,5758.0894,4523.6265,8070.7676,2650.6885,4678.6133,4850.422,7952.9893,5278.222,8238.145,4020.6096,4918.346,2348.8594,7969.936,1444.6711,7152.081,4049.543,6267.4453,5164.761,8110.113,3544.8843,7283.4233,5886.1343,6389.1074,3198.208,2350.51,4478.171,10161.58,3487.3489,8102.5527,4642.7817,5698.219,6178.6904,7867.282,2470.6252,6948.734,4813.692,8291.556,5641.524,6520.45,4396.851,8366.835,5286.659,7564.055,5782.6055,6450.51,2039.3567
533,5798.4775,4530.8784,8090.9507,2656.8687,4691.709,4846.8345,7974.7905,5285.7817,8258.417,4024.7834,4941.088,2354.2075,7987.807,1454.3645,7173.441,4052.674,6284.804,5168.8135,8126.5337,3542.9658,7302.292,5890.03,6408.8013,3199.305,2354.713,4480.3203,10168.82,3489.43,8121.525,4644.9346,5715.3667,6180.185,7886.8076,2473.9746,6972.0054,4819.2515,8309.654,5644.767,6543.8867,4399.5684,8381.862,5283.5186,7579.5522,5790.2676,6470.14,2046.0615
534,5838.3076,4538.2095,8110.9556,2663.0674,4704.7373,4843.3276,7996.579,5293.41,8278.514,4028.9495,4963.6675,2359.5212,8005.5137,1463.9266,7194.673,4055.9163,6302.0674,5172.9126,8142.892,3541.0618,7321.0977,5893.952,6428.3906,3200.4968,2358.956,4482.4956,10176.083,3491.512,8140.413,4647.1714,5732.403,6181.7026,7906.267,2477.4114,6995.1924,4824.869,8327.6455,5648.0186,6567.1606,4402.4233,8396.83,5280.424,7595.018,5798.0024,6489.7363,2052.8057
535,5877.573,4545.614,8130.7734,2669.2805,4717.6895,4839.9,8018.34,5301.1025,8298.433,4033.104,4986.0747,2364.7996,8023.049,1473.356,7215.765,4059.2651,6319.2305,5177.0586,8159.1826,3539.1746,7339.8335,5897.895,6447.868,3201.7798,2363.2358,4484.695,10183.353,3493.5933,8159.2085,4649.4873,5749.3213,6183.2417,7925.644,2480.9326,7018.283,4830.5405,8345.519,5651.2773,6590.265,4405.4087,8411.7295,5277.378,7610.449,5805.803,6509.2837,2059.5833
536,5916.269,4553.087,8150.394,2675.5037,4730.5576,4836.5537,8040.0635,5308.851,8318.163,4037.2476,5008.299,2370.0417,8040.4043,1482.6522,7236.7114,4062.7158,6336.285,5181.244,8175.394,3537.3083,7358.488,5901.857,6467.2266,3203.1506,2367.5483,4486.9146,10190.632,3495.6716,8177.9,4651.8794,5766.1143,6184.8037,7944.935,2484.5334,7041.2666,4836.2603,8363.2705,5654.54,6613.1875,4408.5215,8426.555,5274.379,7625.8345,5813.664,6528.7705,2066.3894
537,5954.388,4560.6235,8169.8145,2681.7332,4743.3345,4833.2886,8061.7363,5316.6504,8337.7,4041.3743,5030.333,2375.2466,8057.575,1491.8137,7257.501,4066.264,6353.227,5185.4688,8191.521,3535.4636,7377.058,5905.832,6486.458,3204.6045,2371.889,4489.154,10197.91,3497.7456,8196.4795,4654.3477,5782.7773,6186.3853,7964.126,2488.211,7064.1313,4842.0225,8380.893,5657.804,6635.9194,4411.7524,8441.299,5271.4287,7641.165,5821.579,6548.1846,2073.2202
538,5991.9287,4568.2183,8189.024,2687.9653,4756.0137,4830.106,8083.349,5324.4937,8357.036,4045.485,5052.165,2380.4138,8074.556,1500.8402,7278.126,4069.9043,6370.0493,5189.7266,8207.55,3533.6433,7395.5327,5909.819,6505.5547,3206.1382,2376.2542,4491.409,10205.187,3499.8135,8214.94,4656.8857,5799.3057,6187.9873,7983.21,2491.9607,7086.868,4847.8228,8398.379,5661.067,6658.453,4415.099,8455.953,5268.5264,7656.434,5829.5396,6567.5137,2080.0693
539,6028.886,4575.867,8208.0205,2694.198,4768.588,4827.0054,8104.89,5332.3755,8376.167,4049.5771,5073.7866,2385.5413,8091.3423,1509.7312,7298.5796,4073.6333,6386.746,5194.016,8223.477,3531.8486,7413.9067,5913.8125,6524.5127,3207.747,2380.6396,4493.6787,10212.452,3501.8726,8233.274,4659.4937,5815.6934,6189.6074,8002.175,2495.779,7109.465,4853.6562,8415.72,5664.3276,6680.7812,4418.555,8470.517,5265.6743,7671.631,5837.542,6586.7456,2086.933
540,6065.2573,4583.563,8226.793,2700.426,4781.052,4823.9863,8126.3486,5340.29,8395.086,4053.6484,5095.192,2390.6292,8107.9277,1518.4865,7318.8535,4077.4456,6403.3125,5198.333,8239.292,3530.082,7432.176,5917.8096,6543.3237,3209.4285,2385.0422,4495.9595,10219.703,3503.9226,8251.469,4662.166,5831.9346,6191.247,8021.0146,2499.662,7131.914,4859.5176,8432.912,5667.5815,6702.8955,4422.1133,8484.978,5262.871,7686.7515,5845.578,6605.8696,2093.8066
541,6101.0415,4591.303,8245.34,2706.6475,4793.3975,4821.0513,8147.7144,5348.232,8413.788,4057.697,5116.37,2395.6772,8124.31,1527.1058,7338.939,4081.3381,6419.7446,5202.6743,8254.989,3528.345,7450.3276,5921.809,6561.9834,3211.178,2389.4583,4498.2495,10226.936,3505.962,8269.523,4664.902,5848.026,6192.9043,8039.72,2503.6062,7154.2046,4865.403,8449.951,5670.8296,6724.788,4425.771,8499.334,5260.1177,7701.7856,5853.645,6624.879,2100.6843
542,6136.2344,4599.0825,8263.656,2712.8586,4805.6216,4818.1978,8168.9814,5356.195,8432.269,4061.7217,5137.317,2400.6833,8140.4844,1535.5895,7358.831,4085.3042,6436.036,5207.0376,8270.561,3526.6401,7468.358,5925.8057,6580.4854,3212.9922,2393.8843,4500.5474,10234.144,3507.9888,8287.426,4667.698,5863.9624,6194.578,8058.284,2507.6077,7176.329,4871.3066,8466.828,5674.069,6746.453,4429.523,8513.577,5257.413,7716.73,5861.7354,6643.759,2107.563
543,6170.8384,4606.8965,8281.734,2719.057,4817.7183,4815.4263,8190.1357,5364.175,8450.522,4065.7207,5158.0254,2405.6482,8156.446,1543.9375,7378.524,4089.342,6452.182,5211.42,8286.003,3524.9673,7486.2637,5929.797,6598.8237,3214.8684,2398.3176,4502.8506,10241.324,3510.0012,8305.174,4670.5527,5879.7397,6196.2686,8076.697,2511.6626,7198.2793,4877.226,8483.542,5677.298,6767.886,4433.3623,8527.703,5254.759,7731.5728,5869.8438,6662.501,2114.4387
544,6204.85,4614.7397,8299.573,2725.2385,4829.6836,4812.738,8211.17,5372.166,8468.545,4069.6926,5178.488,2410.5708,8172.195,1552.151,7398.0103,4093.445,6468.18,5215.818,8301.305,3523.3286,7504.0356,5933.7817,6616.9956,3216.8022,2402.754,4505.1577,10248.472,3511.9995,8322.759,4673.462,5895.3545,6197.9736,8094.9536,2515.767,7220.0464,4883.156,8500.085,5680.5146,6789.0786,4437.2856,8541.708,5252.1553,7746.3105,5877.965,6681.0967,2121.306
