frame,id_1_team_0_x,id_1_team_0_y,id_2_team_0_x,id_2_team_0_y,id_4_team_0_x,id_4_team_0_y,id_5_team_0_x,id_5_team_0_y,id_10_team_0_x,id_10_team_0_y,id_13_team_0_x,id_13_team_0_y,id_16_team_0_x,id_16_team_0_y,id_17_team_0_x,id_17_team_0_y,id_20_team_0_x,id_20_team_0_y,id_45_team_0_x,id_45_team_0_y,id_281_team_0_x,id_281_team_0_y,id_3_team_1_x,id_3_team_1_y,id_6_team_1_x,id_6_team_1_y,id_7_team_1_x,id_7_team_1_y,id_8_team_1_x,id_8_team_1_y,id_9_team_1_x,id_9_team_1_y,id_11_team_1_x,id_11_team_1_y,id_12_team_1_x,id_12_team_1_y,id_14_team_1_x,id_14_team_1_y,id_15_team_1_x,id_15_team_1_y,id_18_team_1_x,id_18_team_1_y,id_22_team_1_x,id_22_team_1_y,ball_x,ball_y
436,3704.8767,4871.6475,7949.6304,3112.871,5393.3223,5073.0527,7810.1816,6004.527,8032.3403,4362.3833,5035.7236,1773.9932,8188.203,1331.3112,6459.418,4780.7896,5134.889,6129.6157,8299.567,3405.6858,6991.911,6339.005,5529.6943,4163.978,2952.2488,4815.7407,10420.607,3750.9595,8025.2007,5015.843,5310.6167,6612.3335,7642.018,2453.7812,6771.507,5474.964,7759.8643,5963.0547,6652.358,5255.486,8724.048,5763.2764,7159.7124,6423.074,6726.819,2306.9011
437,3583.8574,4675.353,7847.226,3058.8354,5437.454,5042.2124,7649.34,5957.5664,7967.045,4359.8706,4890.195,1740.2456,8095.5854,1269.2175,6356.5034,4753.54,5029.5806,6141.402,8178.1626,3451.9167,6886.779,6267.436,5449.185,4150.223,2933.598,4842.75,10345.413,3720.7092,7899.6313,4989.8325,5232.2617,6623.2563,7609.8984,2380.61,6605.605,5400.439,7738.692,5941.012,6520.7817,5185.0786,8607.492,5807.1753,7065.7124,6344.0547,6592.835,2234.5542
438,3451.3718,4503.5776,7740.4414,3008.0913,5407.4097,5045.3516,7465.594,5891.7104,7868.661,4352.5522,4755.833,1710.8784,8012.04,1213.8207,6245.8887,4710.8467,4923.839,6113.398,8064.1885,3488.7764,6776.5977,6216.2627,5392.3228,4143.044,2893.372,4839.8745,10255.107,3697.6257,7792.71,4958.9214,5158.071,6624.195,7523.2427,2332.3108,6474.729,5323.134,7675.892,5923.4663,6430.4077,5126.8853,8487.812,5835.102,6987.9253,6275.178,6470.079,2162.1882
439,3313.455,4332.3315,7628.331,2955.253,5370.8984,5052.3696,7280.303,5820.199,7770.4683,4335.9863,4619.238,1680.7833,7930.7466,1152.5496,6125.2256,4669.223,4817.717,6078.6313,7941.2563,3525.5295,6673.911,6164.5967,5328.7417,4133.5527,2841.2778,4832.231,10162.56,3674.777,7684.401,4919.858,5078.355,6629.31,7431.0557,2287.1985,6346.743,5243.6772,7614.643,5896.6675,6335.303,5065.405,8377.563,5862.026,6906.41,6205.4453,6351.6606,2092.0854
440,3170.3792,4159.572,7509.367,2901.625,5329.964,5060.472,7093.295,5740.4126,7672.1724,4312.8564,4472.6143,1648.7466,7850.706,1087.6805,5999.1567,4624.397,4710.222,6035.7646,7806.941,3564.6365,6573.0054,6107.9893,5257.5845,4117.782,2778.3115,4824.1953,10069.87,3653.9128,7573.879,4876.5737,4997.221,6640.7974,7331.374,2243.3865,6216.382,5160.944,7552.2217,5864.9243,6234.85,4997.7236,8269.507,5890.1543,6822.568,6133.118,6232.4395,2021.438
441,3022.2456,3984.7852,7382.4336,2848.004,5285.125,5070.6094,6904.999,5654.6396,7571.2134,4283.363,4316.236,1613.914,7770.286,1019.56415,5868.1904,4575.7417,4600.426,5987.165,7659.7754,3606.5542,6476.3306,6045.88,5182.446,4096.3105,2705.574,4816.6826,9975.189,3634.4587,7461.1035,4828.53,4915.246,6657.0073,7224.869,2200.5676,6084.073,5072.7363,7489.827,5828.2544,6133.5,4922.9653,8164.2314,5917.336,6735.022,6056.896,6112.55,1950.9521
442,2871.502,3807.864,7249.1597,2793.979,5236.4277,5083.7456,6716.204,5563.147,7467.2734,4247.912,4150.2573,1576.5349,7687.6387,948.90906,5734.2505,4523.0767,4490.286,5933.731,7500.837,3651.7263,6384.1016,5977.8047,5105.137,4069.6106,2624.7532,4809.6123,9879.254,3615.691,7346.687,4776.6807,4833.3213,6677.5137,7113.3203,2158.3843,5950.1367,4978.4116,7426.96,5787.3906,6031.7627,4840.428,8060.9556,5943.2295,6643.519,5975.749,5992.1274,1879.5714
443,2720.3848,3628.9502,7109.7925,2739.5784,5184.1694,5100.007,6527.656,5467.3525,7360.765,4207.42,3976.954,1536.7682,7602.7236,876.5349,5597.0503,4466.152,4380.586,5877.019,7331.036,3700.3528,6296.5723,5903.8403,5027.642,4038.2144,2537.4563,4803.26,9781.917,3597.6584,7230.596,4721.123,4751.7812,6701.2524,6997.7397,2116.8308,5814.624,4877.451,7364.8022,5742.6885,5930.555,4750.374,7959.6646,5967.063,6548.7856,5890.1997,5870.69,1807.0392
444,2571.3586,3447.957,6965.8125,2684.3408,5128.271,5119.5186,6340.1753,5367.182,7252.2236,4162.2627,3796.657,1496.0735,7515.3784,802.9574,5458.5996,4404.7173,4272.4976,5817.4277,7151.6904,3752.4695,6213.672,5824.545,4951.4907,4002.0432,2444.185,4796.893,9682.502,3579.8267,7112.451,4661.837,4671.2554,6727.4385,6879.2554,2075.8647,5679.26,4769.9346,7304.099,5694.5786,5829.9688,4652.8384,7860.322,5987.85,6449.842,5800.18,5747.388,1732.9275
445,2425.7922,3265.532,6819.264,2627.6123,5068.664,5142.5786,6157.0,5264.2705,7142.4004,4111.902,3611.5322,1454.1715,7424.5425,728.6024,5322.128,4339.6484,4167.881,5755.7466,6965.747,3806.8203,6136.072,5740.4385,4877.151,3963.7966,2348.0198,4790.133,9584.07,3561.7295,6995.6133,4599.987,4590.5044,6756.6,6758.8677,2035.0264,5544.6343,4657.135,7241.9917,5643.1167,5729.4785,4549.283,7762.0225,6005.322,6350.755,5706.428,5623.7534,1656.6113
446,2287.6978,3081.9324,6671.475,2569.0535,5005.636,5168.2305,5979.2114,5159.44,7032.6934,4057.9136,3424.2502,1412.2329,7331.933,654.6114,5188.175,4270.136,4066.6912,5693.099,6774.7188,3863.979,6063.498,5651.9946,4807.364,3921.9812,2248.9402,4782.7744,9485.095,3543.1428,6878.6973,4535.6006,4512.477,6786.6587,6638.2056,1994.664,5412.116,4539.1055,7181.3735,5588.7896,5630.5654,4439.371,7665.1475,6018.4033,6250.836,5609.857,5498.4316,1578.558
447,2164.9458,2894.3262,6528.46,2503.6006,4940.139,5188.8887,5810.3374,5048.7476,6926.7456,4000.7092,3240.358,1373.0134,7239.8184,582.5992,5062.189,4193.1846,3971.746,5625.8374,6585.0947,3922.379,5993.405,5561.3237,4744.7275,3875.0762,2144.506,4770.8916,9385.223,3522.3071,6759.394,4467.5386,4443.9004,6812.829,6522.2417,1952.7931,5285.8413,4416.8496,7122.5884,5530.7734,5534.261,4321.2837,7570.2563,6024.058,6149.4087,5509.184,5371.1895,1498.4396
448,2055.0479,2705.6135,6388.3496,2435.1365,4870.174,5209.9116,5648.153,4936.765,6821.919,3941.9326,3058.9812,1335.9805,7146.4907,511.85236,4942.784,4110.433,3881.478,5558.022,6397.0396,3981.7673,5925.9946,5469.3657,4688.106,3823.1433,2039.8312,4756.881,9284.644,3500.9587,6641.3247,4397.6987,4380.928,6836.405,6408.147,1911.654,5163.492,4291.212,7066.0967,5471.113,5440.2695,4197.079,7476.6997,6025.074,6048.81,5406.168,5242.6157,1417.9363
449,1959.8375,2517.1829,6252.6895,2363.5203,4797.728,5231.364,5494.285,4825.201,6720.1616,3881.8635,2881.392,1301.5125,7052.5034,442.65518,4831.106,4022.5308,3796.1191,5490.3813,6212.0176,4041.4875,5861.614,5376.458,4637.5176,3766.6245,1935.5814,4740.4575,9185.076,3479.4507,6525.422,4326.429,4324.474,6857.5454,6295.2954,1871.1425,5045.024,4163.1865,7011.1304,5410.3774,5349.6763,4067.179,7385.0605,6021.7314,5950.167,5301.377,5114.036,1337.7694
450,1880.4352,2330.62,6122.9194,2289.0305,4723.6406,5252.7544,5350.219,4715.196,6622.337,3821.053,2709.2961,1269.8389,6958.886,375.72955,4728.1074,3929.7654,3716.273,5423.521,6031.905,4100.831,5800.3813,5283.053,4592.8706,3705.5842,1832.9377,4721.684,9087.646,3458.0366,6412.6787,4254.1323,4275.4,6875.8833,6183.971,1831.3131,4931.021,4033.8416,6957.481,5349.076,5263.3022,3932.355,7295.809,6014.105,5854.373,5195.591,4986.235,1258.5116
451,1817.593,2147.5176,6000.583,2212.0203,4648.579,5273.5776,5217.089,4607.8145,6529.146,3760.0024,2544.448,1241.1819,6866.62,311.75183,4634.621,3832.5444,3642.45,5357.918,5858.695,4158.9946,5742.47,5189.8223,4554.2207,3640.3618,1732.8634,4700.6196,8993.301,3436.837,6303.956,4181.234,4234.3135,6890.9126,6074.6875,1792.2881,4822.228,3904.323,6905.214,5287.734,5182.1006,3793.529,7209.549,6002.239,5762.1587,5089.644,4860.259,1180.7557
452,1771.8298,1969.4248,5887.2036,2132.9426,4573.1265,5293.3286,5095.6606,4503.8877,6441.1924,3699.1665,2388.4573,1215.7056,6776.736,251.39073,4551.278,3731.4148,3575.2024,5293.9224,5694.1567,4215.2373,5688.078,5097.479,4521.5522,3571.3652,1636.14,4677.4062,8902.908,3415.9253,6200.0947,4108.217,4201.5933,6902.228,5967.999,1754.185,4719.3467,3775.8123,6854.4194,5226.9004,5106.8506,3651.657,7126.849,5986.35,5674.185,4984.3325,4737.1504,1105.0284
453,1743.4371,1797.7339,5784.158,2052.3416,4497.8564,5311.491,4986.321,4404.0425,6358.9814,3638.9666,2242.7712,1193.497,6690.318,195.29132,4478.4604,3627.0466,3515.0112,5231.74,5539.7954,4268.9155,5637.437,5006.7227,4494.814,3499.0642,1543.3531,4652.264,8817.183,3395.324,6101.8486,4035.564,4177.415,6909.527,5864.465,1717.0801,4622.992,3649.4548,6805.2573,5167.1265,5038.2363,3507.7095,7048.245,5966.7705,5591.0054,4880.407,4617.9155,1031.7871
454,1732.5095,1633.6466,5692.6167,1970.8298,4423.3154,5327.5815,4889.1113,4308.694,6282.9014,3579.7852,2108.5994,1174.5656,6608.4453,144.07353,4416.329,3520.1921,3462.2874,5171.4854,5396.809,4319.5127,5590.813,4918.192,4473.9185,3423.9548,1454.9058,4625.4795,8736.701,3375.0122,6009.8804,3963.7446,4161.7734,6912.645,5764.6436,1681.0017,4533.6646,3526.3079,6757.926,5108.956,4976.8184,3362.6243,6974.1963,5943.9277,5513.0396,4778.5405,4503.4546,961.3952
455,1738.9791,1478.1024,5613.4883,1889.0773,4350.061,5341.157,4803.7334,4218.074,6213.263,3521.96,1986.8973,1158.8298,6532.18,98.29994,4364.8174,3411.67,3417.3052,5113.1772,5266.0557,4366.6504,5548.505,4832.4507,4458.7627,3346.529,1371.0521,4597.385,8661.874,3354.9478,5924.743,3893.185,4154.5034,6911.5337,5669.0513,1645.9109,4451.7227,3407.3098,6712.639,5052.8926,4923.0625,3217.2808,6905.095,5918.331,5440.5625,4679.3154,4394.559,894.1235
456,1762.6749,1331.7638,5547.4453,1807.7607,4278.6685,5351.7993,4729.6216,4132.251,6150.304,3465.7954,1878.3768,1146.1514,6462.542,58.47563,4323.7217,3302.28,3380.1853,5056.766,5148.1016,4410.076,5510.836,4749.9473,4449.241,3267.2659,1291.8857,4568.3164,8592.975,3335.058,5846.8423,3824.2395,4155.3335,6906.283,5578.151,1611.6958,4377.3853,3293.2468,6669.6245,4999.396,4877.369,3072.4492,6841.237,5890.496,5373.6816,4583.203,4291.8755,830.1395
457,1803.3405,1195.035,5494.881,1727.5701,4209.6875,5359.193,4665.9873,4051.1658,6094.196,3411.5364,1783.4688,1136.3121,6400.4434,25.028053,4292.7144,3192.846,3350.9207,5002.183,5043.2153,4449.666,5478.107,4671.0566,4445.216,3186.6296,1217.444,4538.6396,8530.157,3315.269,5776.4966,3757.2202,4163.845,6897.089,5492.3726,1578.1816,4310.7417,3184.759,6629.083,4948.87,4840.0034,2928.8323,6782.8423,5860.985,5312.3965,4490.565,4195.905,769.5145
458,1860.5557,1068.082,5455.8154,1649.2538,4143.691,5363.2227,4611.8325,3974.6824,6045.0156,3359.3735,1702.1715,1129.0011,6346.6387,-1.7378074,4271.342,3084.2048,3329.2363,4949.379,4951.3213,4485.4326,5450.6357,4596.0273,4446.493,3105.0212,1147.7085,4508.7354,8473.3955,3295.5208,5713.9165,3692.3906,4179.508,6884.285,5412.0254,1545.1819,4251.7275,3082.3125,6591.152,4901.6323,4811.1074,2787.0,6730.085,5830.4517,5256.564,4401.6167,4106.963,712.2953
459,1933.9434,950.8303,5430.1816,1573.4341,4081.2432,5363.7295,4566.144,3902.59,6002.857,3309.4666,1634.4022,1123.9211,6301.782,-21.579346,4259.1475,2977.0627,3314.7266,4898.2827,4872.2456,4517.4297,5428.635,4525.035,4452.8687,3022.8257,1082.5724,4478.912,8422.626,3275.7588,5659.142,3629.93,4201.794,6868.256,5337.4023,1512.4259,4200.195,2986.225,6555.9795,4857.9277,4790.812,2647.4417,6683.0386,5799.404,5205.9556,4316.5083,4025.256,658.42065
460,2023.122,843.0092,5417.772,1500.6436,4022.8652,5360.588,4527.8726,3834.6265,5967.7783,3261.9377,1579.9181,1120.7737,6266.403,-34.344986,4255.6865,2872.0154,3306.9016,4848.792,4805.705,4545.7534,5412.2544,4458.1997,4464.115,2940.362,1021.9012,4449.438,8377.7295,3255.9382,5612.1123,3569.9512,4230.146,6849.4053,5268.731,1479.6237,4155.9043,2896.6877,6523.701,4817.9277,4779.158,2510.5173,6641.6963,5768.306,5160.2773,4235.2935,3950.8762,607.7738
461,2127.7356,744.19745,5418.2715,1431.3214,3969.027,5353.719,4496.005,3770.4993,5939.815,3216.8604,1538.3391,1119.2611,6240.8906,-39.965736,4260.541,2769.5403,3305.1917,4800.8154,4751.317,4570.5283,5401.56,4395.5854,4479.968,2857.8892,965.54395,4420.536,8338.544,3236.036,5572.683,3512.5178,4264.0107,6828.164,5206.1987,1446.4701,4118.547,2813.7744,6494.4077,4781.7363,4776.105,2376.478,6605.991,5737.57,5119.2,4157.945,3883.814,560.19183
462,2247.466,653.8669,5431.2886,1365.8176,3920.144,5343.093,4469.5825,3709.908,5918.9844,3174.2717,1509.1775,1119.0939,6225.4995,-38.43528,4273.3213,2670.0059,3308.9854,4754.2744,4708.643,4591.89,5396.5513,4337.2085,4500.1284,2775.5967,913.3421,4392.394,8304.897,3216.05,5540.649,3457.6433,4302.855,6804.9663,5149.9316,1412.6627,4087.7534,2737.458,6468.155,4749.391,4781.553,2245.4668,6575.8203,5707.5547,5082.3774,4084.357,3823.9807,515.4845
463,2382.0508,571.4249,5456.391,1304.3986,3876.5757,5328.716,4447.7324,3652.5547,5905.285,3134.1714,1491.8668,1119.9958,6220.379,-29.795372,4293.682,2573.6729,3317.6414,4709.102,4677.2153,4609.983,5397.1543,4283.0503,4524.277,2693.6177,865.1323,4365.156,8276.605,3195.9885,5515.763,3405.302,4346.183,6780.234,5099.9995,1377.9043,4063.1182,2667.6267,6444.9834,4720.866,4795.347,2117.5286,6551.052,5678.5596,5049.465,4014.3618,3771.2288,473.44247
464,2531.2756,496.24054,5493.1333,1247.247,3838.6118,5310.6333,4429.6743,3598.1597,5898.718,3096.5269,1485.7874,1121.7063,6225.571,-14.122628,4321.326,2480.7048,3330.5225,4665.2456,4656.5493,4624.9395,5403.242,4233.061,4552.0684,2612.0344,820.75934,4338.926,8253.49,3175.875,5497.7524,3355.4402,4393.545,6754.37,5056.4297,1341.9182,4044.2266,2604.1108,6424.9077,4696.0986,4817.296,1992.6304,6531.536,5650.8164,5020.137,3947.7483,3725.3618,433.85382
465,2694.982,427.68268,5541.075,1194.474,3806.4817,5288.915,4414.7466,3546.4631,5899.264,3061.2788,1490.299,1123.9852,6241.0293,8.485237,4356.0005,2391.1814,3347.0134,4622.662,4646.1777,4636.884,5414.637,4187.1714,4583.1416,2530.8848,780.06213,4313.78,8235.375,3155.7422,5486.334,3307.9773,4444.538,6727.7466,5019.2075,1304.4508,4030.6653,2546.6887,6407.9385,4674.9756,4847.184,1870.6687,6517.121,5624.515,4994.098,3884.265,3686.1594,396.5113
466,2873.0676,365.13965,5599.804,1146.1296,3780.3481,5263.6543,4402.3867,3497.2324,5906.9175,3028.344,1504.7615,1126.612,6266.649,37.92068,4397.495,2305.1143,3366.5393,4581.3115,4645.6616,4645.9185,5431.128,4145.2993,4617.135,2450.1716,742.8969,4289.7607,8222.086,3135.6274,5481.2246,3262.8047,4498.815,6700.6943,4988.31,1265.2758,4022.0515,2495.1094,6394.0786,4657.35,4884.7773,1751.487,6507.664,5599.7715,4971.0933,3823.6328,3653.3875,361.22067
467,3065.4705,308.04153,5668.952,1102.207,3760.3186,5234.952,4392.146,3450.2563,5921.673,2997.626,1528.5515,1129.391,6302.269,74.07176,4445.6484,2222.461,3388.5884,4541.149,4654.5825,4652.1235,5452.4824,4107.354,4653.6826,2369.8816,709.122,4266.889,8213.475,3115.5757,5482.166,3219.805,4556.073,6673.4946,4963.692,1224.2059,4018.0364,2449.1052,6383.355,4643.0576,4929.839,1634.8955,6503.0356,5576.6646,4950.9146,3765.5547,3626.818,327.81256
468,3272.1797,255.88141,5748.1963,1062.6593,3746.442,5202.9175,4383.6787,3405.3535,5943.53,2969.0178,1561.0886,1132.15,6347.684,116.83197,4500.334,2143.1326,3412.708,4502.129,4672.582,4655.5566,5478.448,4073.2417,4692.4263,2289.9814,678.6106,4245.169,8209.398,3095.6326,5488.912,3178.8435,4616.055,6646.3896,4945.3228,1181.0852,4018.3223,2408.4006,6375.788,4631.905,4982.126,1520.6792,6503.138,5555.23,4933.412,3709.724,3606.237,296.15256
469,3493.2175,208.22346,5837.274,1027.3999,3738.7278,5167.6562,4376.7466,3362.3682,5972.5195,2942.4067,1601.842,1134.7408,6402.6694,166.0982,4561.4756,2067.0142,3438.5225,4464.1816,4699.3438,4656.248,5508.7754,4042.8806,4733.0215,2210.4382,651.2551,4224.596,8209.733,3075.8525,5501.2544,3139.7715,4678.547,6619.5645,4933.195,1135.7972,4022.6707,2372.7244,6371.4404,4623.693,5041.404,1408.6117,6507.904,5535.463,4918.496,3655.821,3591.4573,266.14307
470,3728.631,164.71622,5935.979,996.31226,3737.1428,5129.2656,4371.2,3321.172,6008.686,2917.6863,1650.3431,1137.041,6466.977,221.76906,4629.029,1993.9674,3465.7478,4427.23,4734.6143,4654.1978,5543.2036,4016.1904,4775.134,2131.2188,626.96643,4205.161,8214.376,3056.297,5519.022,3102.432,4743.3687,6593.1475,4927.336,1088.2642,4030.9084,2341.8137,6370.3916,4618.2114,5107.4326,1298.4714,6517.31,5517.3276,4906.1533,3603.5295,3582.329,237.73505
471,3978.486,125.10422,6044.152,969.2602,3741.6265,5087.8345,4366.9844,3281.6648,6052.1064,2894.7598,1706.1893,1138.9521,6540.3413,283.74472,4702.9883,1923.8492,3494.164,4391.1733,4778.1855,4649.373,5581.482,3993.1187,4818.456,2052.307,605.6881,4186.8506,8223.234,3037.0396,5542.086,3066.6572,4810.3677,6567.2144,4927.8228,1038.4519,4042.9321,2315.42,6372.7617,4615.2437,5179.9834,1190.0511,6531.3794,5500.7764,4896.446,3552.5227,3578.7532,210.93777
472,4242.833,89.23633,6161.672,946.08734,3752.0913,5043.4414,4364.1265,3243.7737,6102.889,2873.5437,1769.0522,1140.3993,6622.4766,351.9136,4783.3784,1856.5159,3523.6443,4355.8813,4829.9126,4641.7114,5623.3545,3973.6296,4862.681,1973.7076,587.3963,4169.67,8236.241,3018.1707,5570.364,3032.267,4879.4023,6541.7886,4934.789,986.36993,4058.7136,2293.315,6378.7144,4614.568,5258.8154,1083.1733,6550.192,5485.7437,4889.5166,3502.4773,3580.69,185.82692
473,4521.69,57.071068,6288.4487,926.62787,3768.4333,4996.149,4362.74,3207.4548,6161.1665,2853.9795,1838.6609,1141.3322,6713.0776,426.14203,4870.2476,1791.831,3554.1465,4321.2075,4889.6997,4631.1045,5668.5654,3957.704,4907.5264,1895.4578,572.11127,4153.632,8253.348,2999.8035,5603.827,2999.0757,4950.349,6516.828,4948.4434,932.0815,4078.3008,2275.2852,6388.4473,4615.956,5343.6836,977.70483,6573.883,5472.157,4885.6133,3453.0642,3588.1687,162.54956
474,4815.0015,28.680962,6424.3945,910.7009,3790.5364,4946.014,4363.0117,3172.6968,6227.1104,2836.0361,1914.8209,1141.7244,6811.8086,506.2576,4963.6646,1729.6763,3585.704,4286.9653,4957.4995,4617.416,5716.843,3945.3704,4952.7085,1817.6359,559.89703,4138.776,8274.513,2982.0815,5642.4976,2966.8792,5023.0786,6492.2334,4969.079,875.7032,4101.8213,2261.1396,6402.217,4619.1743,5434.316,873.5666,6602.6475,5459.9424,4885.0776,3403.9548,3601.2996,141.33864
475,5122.6035,4.257869,6569.395,898.12085,3818.2654,4893.0747,4365.2056,3139.514,6300.91,2819.7148,1997.3835,1141.569,6918.286,592.0306,5063.696,1669.9564,3618.434,4252.9453,5033.312,4600.455,5767.8984,3936.6755,4997.9463,1740.3757,550.8725,4125.159,8299.716,2965.185,5686.4565,2935.457,5097.446,6467.8447,4997.0576,817.41974,4129.4814,2250.702,6420.3296,4623.976,5530.41,770.7549,6636.7393,5449.0264,4888.3706,3354.8176,3620.2878,122.51392
476,5444.173,-15.889178,6723.3013,888.6907,3851.478,4837.3623,4369.661,3107.9548,6382.781,2805.057,2086.2542,1140.8838,7032.069,683.1548,5170.4097,1612.602,3652.5286,4218.9023,5117.1694,4579.9854,5821.413,3931.7024,5042.9497,1663.87,545.2046,4112.871,8328.961,2949.331,5735.835,2904.5754,5173.2827,6443.4365,5032.832,757.4846,4161.565,2243.8079,6443.145,4630.103,5631.619,669.34674,6676.457,5439.335,4896.0757,3305.3218,3645.4346,106.49117
477,5779.1763,-31.34322,6885.872,882.21155,3890.0115,4778.9097,4376.78,3078.0884,6472.936,2792.1414,2181.3801,1139.7046,7152.641,779.2224,5283.842,1557.578,3688.2588,4184.557,5209.1196,4555.7275,5877.0327,3930.5674,5087.4146,1588.3835,543.1096,4102.03,8362.251,2934.7856,5790.82,2873.9722,5250.3887,6418.7144,5076.921,696.2338,4198.439,2240.305,6471.086,4637.2725,5737.5337,569.52295,6722.1406,5430.785,4908.9033,3255.137,3677.1548,93.77628
478,6126.809,-41.58717,7056.753,878.48785,3933.689,4717.742,4387.0312,3050.0042,6571.5796,2781.09,2282.7205,1138.084,7279.4033,879.70734,5403.9897,1504.8893,3725.977,4149.6,5309.2227,4527.352,5934.357,3933.4053,5131.021,1514.26,544.8339,4092.7756,8399.603,2921.86,5851.656,2843.366,5328.507,6393.3237,5129.8896,634.0869,4240.5415,2240.0369,6504.619,4645.1807,5847.681,471.5684,6774.1523,5423.287,4927.69,3203.949,3715.9739,84.96245
479,6485.9614,-46.03146,7235.434,877.32874,3982.3066,4653.8965,4400.938,3023.7976,6678.89,2772.059,2390.2458,1136.091,7411.666,983.95,5530.7866,1454.5792,3766.101,4113.6904,5417.5176,4494.4854,5992.9526,3940.3677,5173.4233,1441.92,550.6434,4085.2651,8441.037,2910.9026,5918.63,2812.4487,5407.3325,6366.847,5192.339,571.5578,4288.385,2242.8425,6544.271,4653.496,5961.5063,375.88638,6832.838,5416.7144,4953.404,3151.4675,3762.5244,80.71711
480,6855.166,-44.050014,7421.221,878.56744,4035.642,4587.424,4419.065,2999.5623,6794.981,2765.2341,2503.9194,1133.7953,7548.629,1091.1416,5664.08,1406.7404,3809.1143,4076.459,5534.0137,4456.717,6052.3467,3951.5996,5214.2603,1371.8665,560.79584,4079.6682,8486.571,2902.2915,5992.0757,2780.89,5486.4927,6338.823,5264.8525,509.24698,4342.543,2248.5454,6590.6265,4661.849,6078.3853,282.98962,6898.5024,5410.886,4987.1157,3097.4407,3817.5437,81.751785
481,7232.5825,-35.020973,7613.2026,882.07416,4093.4426,4518.391,4442.0137,2977.3643,6919.8877,2760.8188,2623.6653,1131.2688,7689.413,1200.3356,5803.617,1361.5092,3855.5618,4037.5183,5658.6523,4413.609,6112.067,3967.2275,5253.1523,1304.675,575.49994,4076.141,8536.206,2896.4158,6072.359,2748.3372,5565.5527,6308.749,5347.948,447.842,4403.65,2256.9397,6644.2915,4669.8335,6197.624,193.50041,6971.36,5405.5425,5029.988,3041.6812,3881.8657,88.794464
482,7615.9707,-18.393585,7810.228,887.78015,4155.4336,4446.894,4470.3857,2957.2332,7053.531,2759.0156,2749.3699,1128.5635,7833.0635,1310.4431,5949.018,1319.0721,3906.02,3996.469,5791.29,4364.718,6171.6504,3987.3184,5289.722,1240.983,594.87805,4074.8103,8589.918,2893.6511,6159.875,2714.416,5644.0146,6276.1025,5442.0264,388.09842,4472.385,2267.7886,6705.908,4676.995,6318.4893,108.129295,7051.498,5400.3057,5083.224,2984.0918,3956.3787,102.54313
483,8002.74,6.2557416,8010.9097,895.6953,4221.3228,4373.065,4504.77,2939.1338,7195.675,2760.0083,2880.8564,1125.7054,7978.5767,1420.2634,6099.7666,1279.6642,3961.0784,3952.91,5931.6655,4309.6,6230.71,4011.8625,5323.603,1181.4714,618.91846,4075.7493,8647.642,2894.3203,6255.0244,2678.7415,5721.3203,6240.371,5547.314,330.81857,4549.46,2280.807,6776.139,4682.8413,6440.2295,27.6498,7138.8247,5394.652,5148.023,2924.6768,4042.0212,123.61739
484,8389.964,39.150448,8213.627,905.93823,4290.819,4297.0737,4545.7153,2922.948,7345.9214,2763.936,3017.877,1122.6677,8124.938,1528.51,6255.205,1243.5614,4021.304,3906.452,6079.372,4247.843,6288.964,4040.7412,5354.4644,1126.8486,647.44354,4078.9546,8709.24,2898.6636,6358.2056,2640.9177,5796.8667,6201.075,5663.8047,276.8262,4635.615,2295.664,6855.6235,4686.813,6562.126,-47.13734,7233.042,5387.8726,5225.52,2863.584,4139.7334,152.50629
485,8774.462,80.25851,8416.563,918.7488,4363.632,4219.135,4593.682,2908.467,7503.671,2770.8733,3160.1091,1119.3647,8271.157,1633.8408,6414.534,1211.0791,4087.1992,3856.7356,6233.85,4179.0786,6346.287,4073.687,5382.022,1077.8296,680.07385,4084.333,8774.492,2906.8062,6469.7935,2600.5486,5870.018,6157.787,5791.2207,226.92734,4731.593,2311.9749,6944.9863,4688.311,6683.531,-115.43605,7333.6274,5379.057,5316.71,2801.0996,4250.4233,189.51938
486,9152.868,129.24965,8617.743,934.49695,4439.5015,4139.504,4649.027,2895.3887,7668.1016,2780.8186,3307.1516,1115.6284,8416.287,1734.9012,6576.8076,1182.5596,4159.146,3803.4414,6394.358,4102.999,6402.755,4110.291,5406.0703,1035.1127,716.2198,4091.685,8843.069,2918.715,6590.112,2557.2405,5940.107,6110.156,5928.989,181.8764,4838.1304,2329.3052,7044.777,4686.675,6803.9087,-176.5016,7439.831,5367.0933,5422.3813,2737.6638,4374.9326,234.76547
487,9521.725,185.47899,8815.102,953.6825,4518.2124,4058.488,4711.966,2883.3176,7838.1963,2793.671,3458.5315,1111.2025,8559.459,1830.3478,6740.969,1158.3539,4237.3496,3746.3184,6559.985,4019.3657,6458.6396,4149.9717,5426.463,999.3634,755.0969,4100.7017,8914.52,2934.1946,6719.4136,2510.607,6006.4707,6057.928,6076.24,142.33878,4955.92,2347.177,7155.4653,4681.203,6922.865,-229.67827,7550.7104,5350.6724,5543.0415,2673.858,4513.989,288.11746
488,9877.581,248.00058,9006.578,976.9065,4599.602,3976.4277,4782.5615,2871.7842,8012.733,2809.2407,3613.7246,1105.743,8699.872,1918.8818,6905.8584,1138.7968,4321.781,3685.1917,6729.648,3928.0103,6514.4336,4191.996,5443.128,971.19336,795.7481,4110.9854,8988.27,2952.8706,6857.8438,2460.2822,6068.446,6000.942,6231.8296,108.858315,5085.5923,2365.0764,7277.3813,4671.16,7040.1826,-274.42847,7665.1763,5328.3315,5678.869,2610.383,4668.1797,349.22583
489,10217.071,315.61008,9190.187,1004.82965,4683.5693,3893.7014,4860.7085,2860.2634,8190.313,2827.2454,3772.1575,1098.8275,8836.796,1999.2626,7070.2495,1124.1824,4412.1377,3619.9966,6902.126,3828.8357,6570.7817,4235.5117,5456.056,951.1457,837.11786,4122.0654,9063.63,2974.211,7005.4146,2405.9216,6125.4136,5939.141,6394.383,81.822426,5227.6562,2382.4731,7410.6997,4655.811,7155.81,-310.36246,7782.053,5298.526,5829.6646,2548.0156,4837.906,417.53036
490,10537.009,386.91336,9364.121,1038.1141,4770.067,3810.7085,4946.137,2848.2073,8369.423,2847.3271,3933.2446,1089.9753,8969.543,2070.3245,7232.8833,1114.7263,4507.8047,3550.7927,7076.092,3721.8027,6628.4326,4279.573,5465.259,939.6696,878.10565,4133.427,9139.833,2997.552,7161.962,2347.224,6176.8013,5872.562,6562.341,61.45003,5382.4424,2398.8333,7555.3716,4634.442,7269.841,-337.25513,7900.1636,5259.706,5994.819,2487.5696,5023.361,492.28882
491,10834.442,460.40842,9526.818,1077.3468,4859.0757,3727.8523,5038.4272,2835.0674,8548.456,2869.066,4096.4,1078.6772,9097.441,2130.9834,7392.505,1110.527,4607.8516,3477.793,7250.1724,3606.9238,6688.129,4323.208,5470.77,937.10425,917.6543,4144.5513,9216.082,3022.144,7327.1196,2283.935,6222.1353,5801.3213,6734.041,47.77455,5550.041,2413.636,7711.1333,4606.4155,7382.4824,-355.05597,8018.3755,5210.408,6173.3145,2429.8525,5224.4727,572.61694
492,11106.737,534.56714,9677.031,1122.9625,4950.569,3645.5264,5137.019,2820.3184,8725.789,2892.001,4261.0435,1064.4343,9219.809,2180.2405,7547.89,1111.5316,4711.0396,3401.3708,7422.9683,3484.262,6750.5234,4365.4736,5472.604,943.6524,954.8116,4154.95,9291.603,3047.207,7500.271,2215.868,6261.0615,5725.623,6907.761,40.638046,5730.211,2426.395,7877.4297,4571.2144,7494.0005,-363.89478,8135.6865,5149.379,6363.716,2375.6104,5440.8887,657.5188
493,11351.602,607.9143,9813.877,1175.1658,5044.4707,3564.0974,5241.25,2803.49,8899.808,2915.6367,4426.631,1046.7926,9335.928,2217.1956,7697.8833,1117.5029,4815.8794,3322.0728,7593.1357,3353.9412,6816.071,4405.5107,5470.75,959.36096,988.8017,4164.1987,9365.6875,3071.991,7680.5425,2142.9155,6293.393,5645.749,7081.7847,39.694546,5922.328,2436.6704,8053.4287,4528.47,7604.6626,-364.0763,8251.241,5075.655,6564.2124,2325.5007,5671.9365,745.9168
494,11567.15,679.0868,9936.831,1233.8601,5140.5986,3483.8887,5350.346,2784.1675,9068.955,2939.4546,4592.6367,1025.3829,9445.042,2241.0566,7841.43,1127.9976,4920.665,3240.6255,7759.3877,3216.1572,6884.933,4442.5933,5465.1675,984.09564,1019.0562,4171.9688,9437.786,3095.8262,7866.7515,2065.064,6319.135,5562.0503,7254.429,44.42404,6125.304,2444.0796,8237.997,4478.018,7714.677,-356.07968,8364.36,4988.664,6772.637,2280.0425,5916.5923,836.6787
495,11751.923,746.8724,10045.725,1298.6034,5238.6104,3405.168,5463.461,2762.0076,9231.742,2962.9268,4758.564,999.95044,9546.359,2251.16,7977.5796,1142.3599,5023.583,3157.9036,7920.539,3071.206,6956.9277,4476.1577,5455.796,1017.52966,1045.2378,4178.037,9507.485,3118.1814,8057.4316,1982.4004,6338.51,5474.974,7424.093,54.14816,6337.5737,2448.3086,8429.707,4419.905,7824.1313,-340.54874,8474.539,4888.2876,6986.5225,2239.6123,6173.4717,928.6232
496,11904.912,810.22864,10140.722,1368.5918,5337.968,3328.1472,5579.6675,2736.7405,9386.771,2985.4958,4923.9146,970.36707,9639.08,2247.0002,8105.5083,1159.725,5122.778,3074.9136,8075.5103,2919.5188,7031.508,4505.8237,5442.576,1059.1362,1067.2325,4182.3086,9574.592,3138.688,8250.814,1895.1189,6351.963,5385.053,7589.2427,68.051605,6557.072,2449.109,8626.853,4354.3984,7932.9634,-318.2809,8581.421,4774.9004,7203.167,2204.4263,6440.8267,1020.5434
497,12025.601,868.288,10222.242,1442.6654,5437.915,3252.9807,5697.9688,2708.1736,9532.73,3006.5972,5088.2,936.6467,9722.421,2228.2603,8224.541,1179.0414,5216.4546,2992.749,8223.323,2761.6907,7107.766,4531.401,5425.4644,1108.1959,1085.128,4184.8013,9639.071,3157.1702,8444.883,1803.5225,6360.127,5292.9067,7748.4507,85.215195,6781.2817,2446.3035,8827.482,4281.9795,8040.916,-290.21588,8684.788,4649.3877,7419.7046,2174.5195,6716.574,1111.2097
498,12113.962,920.35474,10290.937,1519.3461,5537.487,3179.785,5817.3105,2676.194,9668.426,3025.6562,5250.9053,898.9365,9795.674,2194.8572,8334.132,1199.1125,5302.9634,2912.5442,8363.124,2598.503,7184.4893,4552.862,5404.483,1163.8175,1099.1792,4185.6465,9701.067,3173.641,8637.402,1708.0208,6363.805,5199.2373,7900.382,104.64414,7007.312,2439.779,9029.443,4203.335,8147.547,-257.4097,8784.507,4513.108,7633.216,2149.7668,6998.3276,1199.3948
499,12170.481,965.8886,10347.603,1596.912,5635.5283,3108.6414,5936.596,2640.7659,9792.7705,3042.097,5411.495,857.5066,9858.231,2146.972,8433.893,1218.6428,5380.9023,2835.418,8494.141,2430.9321,7260.2295,4570.33,5379.7153,1224.9692,1109.7592,4185.0664,9760.858,3188.299,8826.032,1609.1184,6363.877,5104.8027,8043.79,125.308525,7231.9976,2429.4834,9230.427,4119.308,8252.223,-221.0099,8880.499,4367.835,7840.8306,2129.874,7283.468,1283.8901
500,12196.147,1004.4884,10393.144,1673.479,5730.761,3039.6274,6054.716,2601.935,9904.82,3055.3735,5569.419,812.7305,9909.65,2085.083,8523.597,1236.3046,5449.173,2762.417,8615.72,2260.137,7333.4116,4584.042,5351.3564,1290.5322,1117.3258,4183.351,9818.796,3201.492,9008.417,1507.4055,6361.225,5010.3877,8177.55,146.18306,7452.075,2415.415,9428.063,4030.877,8354.161,-182.22592,8972.703,4215.6665,8039.839,2114.405,7569.2324,1363.5337
501,12192.446,1035.8759,10428.518,1747.1008,5821.855,2972.818,6170.571,2559.8376,10003.814,3064.9756,5724.112,765.0622,9949.654,2009.976,8603.186,1250.8049,5507.062,2694.472,8727.339,2087.4287,7402.446,4594.3325,5319.721,1359.3513,1122.384,4180.8447,9875.264,3213.6782,9182.308,1403.5322,6356.646,4916.7583,8300.665,166.28601,7664.3213,2397.6277,9619.997,3939.1162,8452.451,-142.28235,9061.051,4058.9026,8227.824,2102.8005,7852.8047,1437.2491
502,12161.33,1059.8589,10454.685,1815.8713,5907.5054,2908.3096,6283.1113,2514.6895,10089.207,3070.4727,5875.018,715.01685,9978.175,1922.724,8672.754,1260.9558,5554.289,2632.3594,8828.626,1914.2196,7465.8345,4601.598,5285.2534,1430.2928,1125.4607,4177.91,9930.621,3225.3777,9345.697,1298.1951,6350.758,4824.622,8412.305,184.72484,7865.763,2376.2188,9803.982,3845.1523,8546.117,-102.3813,9145.438,3899.9026,8402.762,2094.417,8131.4243,1504.0748
503,12105.17,1076.3169,10472.594,1878.0042,5986.521,2846.2078,6391.401,2466.8035,10160.713,3071.5215,6021.6104,663.15137,9995.332,1824.6617,8732.584,1265.7349,5591.002,2576.6746,8919.388,1741.9603,7522.2754,4606.2837,5248.5312,1502.3011,1127.1029,4174.928,9985.161,3237.1143,9496.934,1192.1027,6343.934,4734.5835,8511.865,200.72836,8053.799,2351.333,9977.983,3750.1382,8634.16,-63.6578,9225.722,3740.9631,8563.103,2088.5571,8402.482,1563.1952
504,12026.68,1085.1758,10483.143,1931.9187,6057.894,2786.638,6494.6367,2416.5752,10218.348,3067.8916,6163.4165,610.04175,10001.442,1717.3132,8783.106,1264.3435,5617.8,2527.824,8999.661,1572.079,7570.7285,4608.8647,5210.2617,1574.4323,1127.869,4172.2715,10039.067,3249.3718,9634.822,1085.9529,6336.2817,4647.122,8598.977,213.68478,8226.358,2323.1575,10140.255,3655.2046,8715.608,-27.135338,9301.7295,3584.1982,8707.82,2084.5264,8663.617,1613.966
505,11928.866,1086.3711,10487.161,1976.2867,6120.851,2729.725,6592.1953,2364.474,10262.436,3059.456,6300.0405,556.27716,9996.978,1602.3265,8824.903,1256.225,5635.662,2486.0334,9069.71,1405.9119,7610.4775,4609.8335,5171.2637,1645.8881,1128.3229,4170.286,10092.3955,3262.5461,9758.67,980.41705,6327.6406,4562.5713,8673.561,223.15433,8381.959,2291.9187,10289.4,3561.4443,8789.552,6.297731,9373.263,3431.4453,8836.449,2081.6787,8912.777,1655.932
506,11814.913,1079.8588,10485.436,2010.0657,6174.8774,2675.592,6683.637,2311.0303,10293.6,3046.209,6431.1807,502.43857,9982.556,1481.3811,8858.67,1241.0933,5645.893,2451.359,9130.037,1244.6545,7641.1284,4609.6904,5132.4272,1716.0183,1129.0461,4169.2915,10145.094,3276.9268,9868.319,876.1153,6317.612,4481.132,8735.822,228.8761,8519.751,2257.8818,10424.434,3469.8718,8855.197,35.915833,9440.133,3284.218,8949.032,2079.4417,9148.289,1688.834
507,11688.105,1065.6028,10478.659,2032.521,6219.7344,2624.3403,6768.731,2256.8076,10312.751,3028.2366,6556.6313,449.09186,9958.906,1356.1191,8885.194,1218.9169,5650.04,2423.7083,9181.395,1089.3214,7662.612,4608.9263,5094.6865,1784.3247,1130.62,4169.567,10196.996,3292.683,9964.097,773.6062,6305.6494,4402.8784,8786.251,230.76715,8639.482,2221.3408,10544.776,3381.3955,8911.885,61.170437,9502.185,3143.686,9046.089,2077.3613,9368.872,1712.6005
508,11551.742,1043.5822,10467.473,2043.2214,6255.4453,2576.048,6847.431,2202.387,10321.037,3005.7163,6676.3193,396.76627,9926.844,1228.081,8905.302,1189.903,5649.782,2402.869,9224.709,940.72424,7675.147,4608.0093,5058.96,1850.4418,1133.6154,4171.3325,10247.866,3309.8716,10046.764,673.38116,6291.1323,4327.793,8825.582,228.8986,8741.4375,2182.617,10650.239,3296.8057,8959.116,81.68031,9559.315,3010.6858,9128.528,2075.0986,9573.668,1727.3397
509,11409.035,1013.81744,10452.473,2042.0323,6282.26,2530.7563,6919.859,2148.3386,10319.77,2978.884,6790.2656,345.94626,9887.26,1098.6632,8919.847,1154.4619,5646.817,2388.53,9261.064,799.46625,7679.2007,4607.362,5026.118,1914.1155,1138.5703,4174.7524,10297.423,3328.4434,10117.432,575.86066,6273.457,4255.8022,8854.75,223.47015,8826.3545,2142.0503,10741.012,3216.7393,8996.582,97.23164,9611.502,2885.7532,9197.57,2072.45,9762.202,1733.3204
510,11263.066,976.3862,10434.207,2029.0913,6300.628,2488.472,6986.282,2095.199,10310.379,2948.032,6898.587,297.06104,9841.088,969.0863,8929.681,1113.1694,5642.787,2380.309,9291.64,665.94525,7675.413,4607.3623,4996.9336,1975.186,1145.9755,4179.9263,10345.393,3348.2734,10177.444,481.39343,6252.0947,4186.7876,8874.84,214.78224,8895.316,2099.9907,10817.582,3141.6843,9024.162,107.75933,9658.798,2769.1787,9254.626,2069.332,9934.372,1730.9421
511,11116.683,931.4441,10413.194,2004.783,6311.1514,2449.1653,7047.09,2043.4562,10294.323,2913.4805,7001.501,250.47246,9789.283,840.40125,8935.626,1066.7191,5639.183,2377.766,9317.665,540.3706,7664.592,4608.3213,4972.068,2033.5634,1156.2496,4186.8916,10391.518,3369.1748,10228.294,390.2707,6226.6694,4120.6353,8887.029,203.20445,8949.654,2056.7964,10880.707,3071.9683,9041.932,113.33409,9701.354,2661.0405,9301.233,2065.7625,10090.425,1720.718
512,10972.488,879.237,10389.932,1969.7065,6314.548,2412.7769,7102.7446,1993.5398,10273.06,2875.569,7099.2764,206.47289,9732.825,713.47546,8938.474,1015.8854,5637.305,2380.4346,9340.351,422.78482,7647.6143,4610.4766,4952.025,2089.2126,1169.7291,4195.6245,10435.591,3390.9258,10271.525,302.72253,6196.989,4057.237,8892.542,189.1434,8990.845,2012.826,10931.333,3007.7664,9050.154,114.137054,9739.4,2561.2688,9338.962,2061.843,10230.884,1703.2432
513,10832.785,820.11743,10364.906,1924.6365,6311.607,2379.22,7153.7705,1945.818,10247.976,2834.6504,7192.24,165.28174,9672.674,589.02264,8938.982,961.4876,5638.211,2387.826,9360.862,313.0908,7625.4263,4614.0044,4937.1846,2142.141,1186.6497,4206.0454,10477.4795,3413.2874,10308.653,218.93045,6163.038,3996.5134,8892.588,173.02715,9020.448,1968.4396,10970.541,2949.1165,9049.284,110.44826,9773.241,2469.6804,9369.3545,2057.739,10356.503,1679.175
514,10699.559,754.53644,10338.59,1870.4923,6303.161,2348.3896,7200.7275,1900.5913,10220.36,2791.0742,7280.74,127.04719,9609.774,467.61572,8937.855,904.3544,5642.7065,2399.4465,9380.272,211.07854,7598.9897,4619.0054,4927.7617,2192.3872,1207.1567,4218.031,10517.112,3436.014,10341.105,139.0335,6124.9995,3938.4077,8888.355,155.2745,9040.041,1923.9918,10999.501,2895.9294,9039.912,102.61847,9803.241,2386.0122,9393.87,2053.6646,10468.23,1649.2115
515,10574.465,683.05365,10311.44,1808.2943,6290.048,2320.1675,7244.1714,1858.1001,10191.378,2745.193,7365.1294,91.85436,9545.022,349.7078,8935.768,845.2998,5651.3545,2414.8105,9399.543,116.45041,7569.256,4625.518,4923.85,2240.0125,1231.2975,4231.4263,10554.492,3458.871,10370.189,63.13685,6083.203,3882.9001,8880.959,136.29773,9051.158,1879.825,11019.401,2848.024,9022.768,91.05972,9829.8,2309.951,9413.875,2049.847,10567.126,1614.0735
516,10458.833,606.3108,10283.907,1739.1298,6273.09,2294.4302,7284.665,1818.5231,10162.05,2697.3562,7445.7593,59.729572,9479.264,235.65376,8933.328,785.1044,5664.4946,2433.4458,9419.515,28.846226,7537.144,4633.5327,4925.4155,2285.097,1259.0358,4246.0483,10589.689,3481.647,10397.048,-8.687832,6038.1177,3829.9836,8871.432,116.47787,9055.267,1836.2767,11031.446,2805.14,8998.674,76.230484,9853.339,2241.158,9430.581,2046.5254,10654.338,1574.4905
517,10353.672,525.02747,10256.415,1664.1188,6253.0767,2271.0498,7322.737,1781.9929,10133.259,2647.9077,7522.942,30.65228,9413.276,125.72815,8931.109,724.49695,5682.247,2454.903,9440.875,-52.12937,7503.527,4642.991,4932.3223,2327.7358,1290.2566,4261.7036,10622.818,3504.1458,10422.661,-76.388504,5990.3184,3779.6877,8860.706,96.170494,9053.734,1793.6617,11036.79,2766.9714,8968.51,58.613293,9874.293,2179.2769,9445.068,2043.9327,10731.04,1531.1874
518,10259.686,439.98322,10229.359,1584.387,6230.755,2249.9019,7358.878,1748.5898,10105.741,2597.186,7596.972,4.5595775,9347.767,20.140198,8929.616,664.1468,5704.566,2478.7578,9464.178,-126.89712,7469.203,4653.8022,4944.3486,2368.0283,1324.7825,4278.1924,10654.045,3526.2095,10447.838,-139.9378,5940.4375,3732.0422,8849.619,75.69526,9047.819,1752.2784,11036.534,2733.1765,8933.2,38.711582,9893.075,2123.9521,9458.272,2042.2819,10798.403,1484.8737
519,10177.299,351.9956,10203.11,1501.0402,6206.8076,2230.8643,7393.546,1718.3567,10080.106,2545.5312,7668.091,-18.641804,9283.366,-80.95297,8929.298,604.65533,5731.2505,2504.6162,9489.831,-195.87871,7434.902,4665.843,4961.2065,2406.081,1362.3876,4295.3247,10683.55,3547.7065,10473.217,-199.3261,5889.147,3687.0867,8838.889,55.3349,9038.649,1712.4006,11031.697,2703.4097,8893.668,17.025124,9910.096,2074.8289,9470.976,2041.7582,10857.555,1436.2345
520,10106.681,261.89615,10177.983,1415.1404,6181.8525,2213.8196,7427.13,1691.2944,10056.828,2493.274,7736.504,-39.069443,9220.612,-177.437,8930.523,546.5533,5761.994,2532.1162,9518.1,-259.4837,7401.253,4678.9795,4982.549,2441.9998,1402.8016,4312.9146,10711.55,3568.5378,10499.281,-254.56215,5837.1196,3644.8662,8829.117,35.3378,9027.223,1674.2712,11023.21,2677.3262,8850.813,-5.9415045,9925.723,2031.5673,9483.836,2042.5167,10909.562,1385.9261
521,10047.782,170.52437,10154.254,1327.6923,6156.4487,2198.6562,7459.974,1667.3779,10036.276,2440.7385,7802.3623,-56.857216,9159.973,-269.22964,8933.598,490.30313,5796.4004,2560.9243,9549.125,-318.10638,7368.809,4693.0674,5007.9893,2475.893,1445.7345,4330.7905,10738.251,3588.634,10526.371,-305.67084,5785.0176,3605.4219,8820.815,15.916873,9014.395,1638.1063,11011.92,2654.5933,8805.5,-29.710207,9940.296,1993.837,9497.368,2044.6748,10955.407,1334.5674
522,10000.3545,78.696205,10132.136,1239.6323,6131.0835,2185.267,7492.371,1646.5487,10018.706,2388.2473,7865.791,-72.15132,9101.841,-356.27884,8938.74,436.28912,5834.017,2590.7444,9582.933,-372.10925,7338.0273,4707.953,5037.121,2507.8645,1490.8682,4348.8057,10763.861,3607.9536,10554.696,-352.6936,5733.462,3568.7805,8814.372,-2.7509916,9000.899,1604.082,10998.558,2634.9028,8758.531,-53.82016,9954.106,1961.3209,9511.986,2048.3154,10995.984,1282.7349
523,9963.987,-12.80407,10111.797,1151.8181,6106.1772,2173.5508,7524.5444,1628.7262,10004.299,2336.1062,7926.867,-85.101715,9046.52,-438.55304,8946.098,384.83545,5874.352,2621.301,9619.442,-421.82715,7309.267,4723.485,5069.513,2538.0098,1537.8798,4366.815,10788.577,3626.482,10584.362,-395.68793,5683.032,3534.9622,8810.091,-20.5204,8987.338,1572.3446,10983.766,2617.9685,8710.651,-77.84538,9967.418,1933.7189,9527.978,2053.4807,11032.074,1230.9618
524,9938.14,-103.235535,10093.348,1065.0225,6082.088,2163.4102,7556.6733,1613.8107,9993.137,2284.6123,7985.6377,-95.86114,8994.2705,-516.0447,8955.743,336.19998,5916.8965,2652.3538,9658.492,-467.5583,7282.8047,4739.5195,5104.7344,2566.4248,1586.4409,4384.7,10812.58,3644.2217,10615.363,-434.7245,5634.2363,3503.9783,8808.186,-37.27913,8974.199,1543.0015,10968.092,2603.53,8662.522,-101.393425,9980.438,1910.7445,9545.55,2060.183,11064.373,1179.7339
525,9922.168,-191.91518,10076.852,979.9353,6059.114,2154.754,7588.8813,1601.6813,9985.245,2234.0464,8042.1294,-104.58109,8945.262,-588.75977,8967.676,290.57535,5961.1426,2683.679,9699.847,-509.56747,7258.839,4755.916,5142.3467,2593.1924,1636.224,4402.3584,10836.027,3661.1968,10647.6455,-469.89206,5587.5273,3475.8179,8808.783,-52.93604,8961.86,1516.1289,10951.998,2591.3516,8614.737,-124.1122,9993.349,1892.1232,9564.821,2068.4004,11093.462,1129.4863
526,9915.349,-278.22458,10062.324,897.1576,6037.501,2147.4915,7621.2544,1592.2047,9980.581,2184.6682,8096.342,-111.40839,8899.631,-656.7255,8981.844,248.10608,6006.589,2715.0771,9743.223,-548.08777,7237.497,4772.5425,5181.922,2618.394,1686.9049,4419.692,10859.049,3677.4368,10681.069,-501.2881,5543.283,3450.456,8811.946,-67.4301,8950.605,1491.7689,10935.853,2581.2212,8567.806,-145.69402,10006.278,1877.5938,9585.84,2078.0884,11119.84,1080.6062
527,9916.911,-361.61307,10049.75,817.2114,6017.433,2141.539,7653.827,1585.2373,9979.055,2136.7195,8148.268,-116.48525,8857.445,-719.9787,8998.132,208.88527,6052.7627,2746.3677,9788.298,-583.3201,7218.8433,4789.2725,5223.051,2642.0986,1738.1732,4436.625,10881.753,3692.9856,10715.461,-529.02374,5501.8164,3427.8577,8817.683,-80.717636,8940.636,1469.9364,10919.957,2572.9482,8522.165,-165.87177,10019.332,1866.9067,9608.592,2089.177,11143.917,1033.4316
528,9926.0625,-441.6053,10039.069,740.53534,5999.053,2136.8147,7686.6094,1580.6276,9980.533,2090.4155,8197.893,-119.94556,8818.749,-778.5764,9016.387,172.95947,6099.21,2777.3853,9834.723,-615.4382,7202.877,4805.998,5265.3403,2664.3743,1789.7246,4453.0884,10904.215,3707.8906,10750.609,-553.22327,5463.3706,3407.9614,8825.937,-92.77512,8932.086,1450.6184,10904.542,2566.3555,8478.181,-184.4291,10032.581,1859.8162,9633.012,2101.578,11166.022,988.2521
529,9941.984,-517.79395,10030.203,667.4908,5982.4644,2133.2393,7719.5776,1578.2178,9984.849,2045.9476,8245.188,-121.91737,8783.532,-832.5865,9036.422,140.34192,6145.522,2807.979,9882.144,-644.5946,7189.567,4822.6133,5308.4155,2685.2756,1841.2727,4469.0205,10926.502,3722.1934,10786.288,-574.0146,5428.128,3390.703,8836.625,-103.58779,8925.029,1433.7778,10889.783,2561.2883,8436.152,-201.188,10046.067,1856.0939,9658.997,2115.1921,11186.419,945.31134
530,9963.877,-589.8489,10023.056,598.3698,5967.726,2130.7358,7752.694,1577.8489,9991.811,2003.4823,8290.14,-122.52148,8751.754,-882.09235,9058.031,111.008865,6191.322,2838.0105,9930.211,-670.9201,7178.8423,4839.025,5351.9326,2704.8606,1892.5465,4484.3716,10948.639,3735.9446,10822.261,-591.5365,5396.2095,3375.9941,8849.634,-113.156715,8919.504,1419.3623,10875.807,2557.5981,8396.312,-216.01384,10059.811,1855.51,9686.408,2129.9097,11205.316,904.8065
531,9990.967,-657.50464,10017.51,533.39636,5954.873,2129.231,7785.8984,1579.3623,10001.201,1963.1616,8332.729,-121.86806,8723.357,-927.1867,9080.993,84.91246,6236.276,2867.357,9978.583,-694.53125,7170.5957,4855.1523,5395.5776,2723.1777,1943.2921,4499.101,10970.63,3749.1812,10858.294,-605.92804,5367.6885,3363.7405,8864.817,-121.4886,8915.503,1407.2974,10862.688,2555.1558,8358.848,-228.81108,10073.804,1857.847,9715.092,2145.6182,11222.879,866.89716
532,10022.506,-720.564,10013.451,472.73718,5943.905,2128.6543,7819.1133,1582.6018,10012.792,1925.0944,8372.942,-120.06349,8698.249,-967.9784,9105.076,61.98099,6280.0933,2895.9036,10026.933,-715.53357,7164.7104,4870.918,5439.0635,2740.269,1993.2756,4513.173,10992.477,3761.9434,10894.156,-617.3391,5342.5854,3353.8354,8882.013,-128.59967,8912.987,1397.5005,10850.487,2553.8367,8323.8955,-239.51791,10088.035,1862.8954,9744.87,2162.1963,11239.221,831.7016
533,10057.778,-778.8889,10010.749,416.5012,5934.803,2128.937,7852.2646,1587.4136,10026.363,1889.3715,8410.787,-117.20541,8676.327,-1004.584,9130.061,42.125626,6322.529,2923.5486,10074.964,-734.0241,7161.0537,4886.259,5482.135,2756.1782,2042.285,4526.5527,11014.151,3774.259,10929.637,-625.91583,5320.8823,3346.1628,8901.057,-134.50815,8911.928,1389.8762,10839.217,2553.5264,8291.536,-248.10863,10102.477,1870.4421,9775.564,2179.53,11254.435,799.30566
534,10096.129,-832.3996,10009.287,364.74683,5927.5303,2130.012,7885.2715,1593.6501,10041.672,1856.0542,8446.258,-113.38585,8657.472,-1037.1364,9155.729,25.244898,6363.3735,2950.2039,10122.401,-750.0921,7159.4834,4901.1167,5524.5645,2770.9434,2090.1267,4539.223,11035.618,3786.1562,10964.537,-631.8076,5302.528,3340.6003,8921.778,-139.23672,8912.256,1384.3241,10828.882,2554.1184,8261.829,-254.58485,10117.092,1880.2927,9806.99,2197.5051,11268.602,769.7605
535,10136.945,-881.0622,10008.941,317.49664,5922.0327,2131.8162,7918.0425,1601.1702,10058.502,1825.1842,8479.381,-108.691574,8641.551,-1065.7721,9181.872,11.223085,6402.4526,2975.7896,10169.006,-763.8285,7159.85,4915.4453,5566.161,2784.6033,2136.6338,4551.1685,11056.832,3797.652,10998.683,-635.1624,5287.445,3337.0269,8943.997,-142.81018,8913.902,1380.7377,10819.471,2555.5146,8234.796,-258.97055,10131.834,1892.2477,9838.96,2216.0103,11281.764,743.0911
536,10179.673,-924.8917,10009.592,274.72675,5918.244,2134.2878,7950.5103,1609.84,10076.623,1796.7802,8510.178,-103.201385,8628.42,-1090.64,9208.308,-0.058586802,6439.644,3000.2395,10214.564,-775.31714,7162.0117,4929.202,5606.7593,2797.1934,2181.6519,4562.3745,11077.75,3808.7634,11031.914,-636.1281,5275.527,3335.309,8967.541,-145.25635,8916.806,1379.0056,10810.957,2557.6243,8210.423,-261.31055,10146.658,1906.1191,9871.307,2234.9453,11293.965,719.29553
537,10223.805,-963.9358,10011.134,236.38725,5916.0884,2137.3672,7982.5835,1619.5325,10095.828,1770.8405,8538.682,-96.99322,8617.939,-1111.8943,9234.854,-8.725418,6474.8486,3023.4988,10258.894,-784.64594,7165.8257,4942.353,5646.22,2808.749,2225.0544,4572.838,11098.31,3819.497,11064.107,-634.8514,5266.655,3335.3157,8992.241,-146.6044,8920.888,1379.0175,10803.311,2560.3604,8188.69,-261.6695,10161.519,1921.7262,9903.853,2254.2083,11305.252,698.35065
538,10268.887,-998.2796,10013.458,202.39525,5915.4854,2140.9985,8014.2046,1630.1292,10115.916,1747.3496,8564.947,-90.1381,8609.956,-1129.6958,9261.361,-14.905016,6508.001,3045.5222,10301.838,-791.90393,7171.1562,4954.873,5684.432,2819.3064,2266.7373,4582.554,11118.46,3829.8613,11095.151,-631.4747,5260.6953,3336.9216,9017.939,-146.88538,8926.082,1380.6632,10796.492,2563.6453,8169.549,-260.1231,10176.368,1938.8926,9936.443,2273.7112,11315.652,680.2147
539,10314.5205,-1028.0328,10016.474,172.65091,5916.3506,2145.127,8045.298,1641.5214,10136.707,1726.2736,8589.017,-82.70325,8604.324,-1144.21,9287.691,-18.72733,6539.0605,3066.279,10343.284,-797.17725,7177.866,4966.74,5721.3066,2828.8982,2306.6086,4591.532,11138.152,3839.852,11124.969,-626.1346,5257.5054,3339.9983,9044.479,-146.12726,8932.323,1383.8339,10790.463,2567.4077,8152.9297,-256.76056,10191.164,1957.4503,9968.934,2293.3738,11325.198,664.8288
540,10360.347,-1053.3262,10020.092,147.02773,5918.597,2149.7014,8075.8125,1653.6061,10158.03,1707.5663,8610.958,-74.751854,8600.888,-1155.606,9313.727,-20.319036,6568.018,3085.7458,10383.126,-800.55786,7185.8394,4977.9395,5756.7744,2837.5618,2344.6033,4599.7734,11157.334,3849.476,11153.484,-618.9689,5256.9365,3344.4216,9071.714,-144.36522,8939.548,1388.4221,10785.185,2571.58,8138.7627,-251.67448,10205.861,1977.24,10001.19,2313.1199,11333.929,652.12115
541,10406.066,-1074.3121,10024.229,125.389565,5922.134,2154.6716,8105.6895,1666.2888,10179.724,1691.1696,8630.833,-66.34426,8599.502,-1164.0542,9339.367,-19.806498,6594.88,3103.9094,10421.293,-802.1383,7194.9536,4988.4663,5790.7847,2845.329,2380.6667,4607.291,11175.958,3858.7266,11180.661,-610.10895,5258.8394,3350.0713,9099.506,-141.63039,8947.6875,1394.3241,10780.618,2576.1018,8126.9604,-244.96736,10220.418,1998.1119,10033.098,2332.8777,11341.873,642.0086
542,10451.399,-1091.1532,10028.818,107.5846,5926.8716,2159.9922,8134.889,1679.4841,10201.649,1677.0182,8648.716,-57.535873,8600.02,-1169.7244,9364.524,-17.313955,6619.6704,3120.768,10457.736,-802.0086,7205.1045,4998.311,5823.3047,2852.2375,2414.7668,4614.099,11193.984,3867.603,11206.459,-599.6797,5263.062,3356.8364,9127.732,-137.95747,8956.69,1401.4413,10776.721,2580.9187,8117.432,-236.74126,10234.805,2019.9227,10064.543,2352.5942,11349.071,634.39996
543,10496.119,-1104.0255,10033.786,93.455376,5932.7227,2165.6174,8163.375,1693.1124,10223.682,1665.0349,8664.68,-48.379963,8602.301,-1172.7892,9389.129,-12.961691,6642.4297,3136.3257,10492.421,-800.263,7216.1885,5007.477,5854.3164,2858.3186,2446.8804,4620.2153,11211.379,3876.1013,11230.874,-587.80304,5269.455,3364.6003,9156.272,-133.381,8966.5,1409.6785,10773.455,2585.9812,8110.0776,-227.10051,10248.982,2042.5371,10095.4375,2372.2117,11355.559,629.1956
544,10540.032,-1113.1084,10039.078,82.83504,5939.598,2171.5059,8191.1104,1707.0992,10245.709,1655.1416,8678.801,-38.92607,8606.205,-1173.4156,9413.133,-6.8663507,6663.206,3150.5935,10525.337,-796.9927,7228.1113,5015.97,5883.809,2863.6077,2477.0017,4625.656,11228.109,3884.217,11253.898,-574.5946,5277.8755,3373.2676,9185.021,-127.936035,8977.062,1418.9447,10770.784,2591.2446,8104.797,-216.1499,10262.926,2065.8335,10125.697,2391.6833,11361.382,626.29236
