frame_index,pred_id_13_team_0_x,pred_id_13_team_0_y,pred_id_10_team_0_x,pred_id_10_team_0_y,pred_id_2_team_0_x,pred_id_2_team_0_y,pred_id_4_team_0_x,pred_id_4_team_0_y,pred_id_16_team_0_x,pred_id_16_team_0_y,pred_id_281_team_0_x,pred_id_281_team_0_y,pred_id_5_team_0_x,pred_id_5_team_0_y,pred_id_1_team_0_x,pred_id_1_team_0_y,pred_id_45_team_0_x,pred_id_45_team_0_y,pred_id_20_team_0_x,pred_id_20_team_0_y,pred_id_17_team_0_x,pred_id_17_team_0_y,pred_id_22_team_1_x,pred_id_22_team_1_y,pred_id_14_team_1_x,pred_id_14_team_1_y,pred_id_11_team_1_x,pred_id_11_team_1_y,pred_id_3_team_1_x,pred_id_3_team_1_y,pred_id_9_team_1_x,pred_id_9_team_1_y,pred_id_6_team_1_x,pred_id_6_team_1_y,pred_id_12_team_1_x,pred_id_12_team_1_y,pred_id_8_team_1_x,pred_id_8_team_1_y,pred_id_15_team_1_x,pred_id_15_team_1_y,pred_id_7_team_1_x,pred_id_7_team_1_y,pred_id_18_team_1_x,pred_id_18_team_1_y,pred_ball_x,pred_ball_y,true_id_13_team_0_x,true_id_13_team_0_y,true_id_10_team_0_x,true_id_10_team_0_y,true_id_2_team_0_x,true_id_2_team_0_y,true_id_4_team_0_x,true_id_4_team_0_y,true_id_16_team_0_x,true_id_16_team_0_y,true_id_281_team_0_x,true_id_281_team_0_y,true_id_5_team_0_x,true_id_5_team_0_y,true_id_1_team_0_x,true_id_1_team_0_y,true_id_45_team_0_x,true_id_45_team_0_y,true_id_20_team_0_x,true_id_20_team_0_y,true_id_17_team_0_x,true_id_17_team_0_y,true_id_22_team_1_x,true_id_22_team_1_y,true_id_14_team_1_x,true_id_14_team_1_y,true_id_11_team_1_x,true_id_11_team_1_y,true_id_3_team_1_x,true_id_3_team_1_y,true_id_9_team_1_x,true_id_9_team_1_y,true_id_6_team_1_x,true_id_6_team_1_y,true_id_12_team_1_x,true_id_12_team_1_y,true_id_8_team_1_x,true_id_8_team_1_y,true_id_15_team_1_x,true_id_15_team_1_y,true_id_7_team_1_x,true_id_7_team_1_y,true_id_18_team_1_x,true_id_18_team_1_y,true_ball_x,true_ball_y
0,8763.92,4648.272,9005.534,3284.7642,8772.494,4401.1064,6580.5537,5312.6094,7049.3423,4908.772,10424.049,3555.075,8868.807,6075.5015,7172.7495,6396.8584,8219.57,2618.9438,7090.297,3720.3435,6908.3896,6234.1553,2336.0369,4601.993,5747.7383,2880.175,4546.6147,5090.914,6075.834,6370.6743,7220.3843,2279.7622,6578.8296,5176.358,8234.584,5974.0615,7989.0483,5571.1147,8857.86,1970.4729,9249.89,5271.33,8774.41,3741.1387,5905.5254,5963.804,8534.34,4510.11,8500.17,3374.55,8438.35,5360.63,7595.45,5711.82,7225.36,4942.86,10697.82,3842.23,8497.02,6214.26,7510.12,6568.5,8307.66,2643.12,6354.14,4393.49,5856.97,6218.08,3209.4915,4879.913,5734.033,2136.75,5671.5703,5065.0264,5829.572,6505.49,7221.8667,2472.65,7257.09,5629.72,8957.407,6547.4526,7786.27,6874.52,8585.823,1584.2983,9157.01,5539.56,8634.532,3284.041,4515.29,5639.9
1,8636.315,4633.4775,8873.295,3236.3152,8633.875,4333.1133,6345.9653,5234.658,6872.2524,4862.982,10339.046,3555.146,8742.83,6016.6963,7011.7886,6353.126,8048.8433,2583.04,6928.5,3664.6665,6777.312,6170.2954,2266.6863,4572.2495,5603.1025,2826.999,4443.2515,5095.376,5961.4854,6367.9844,7064.0605,2192.81,6380.4707,5102.9062,8032.627,5865.0205,7868.2974,5462.383,8765.689,1936.8794,9127.714,5301.447,8655.678,3760.1763,5738.591,5878.615,8434.015,4465.535,8448.39,3268.55,8314.61,5288.82,7487.575,5666.665,7147.01,4824.47,10526.88,3770.51,8387.493,6171.507,7380.02,6467.98,8246.98,2601.46,6209.83,4353.54,5681.95,6225.02,3216.1143,4882.912,5631.6367,2068.825,5665.93,5074.323,5732.0,6485.41,7491.428,2488.7,7157.695,5614.3022,8834.715,6465.625,7686.125,6833.78,8527.642,1527.1692,9017.12,5416.05,8550.25,3271.88,4209.39,5645.65
2,8515.011,4609.6074,8752.775,3182.1814,8499.703,4247.5786,6132.393,5148.2705,6727.5557,4797.534,10283.763,3527.6716,8629.917,5981.7314,6874.5073,6316.5977,7905.2817,2544.4902,6780.56,3601.4478,6659.649,6127.974,2198.738,4548.19,5503.2456,2777.5623,4392.25,5089.37,5866.464,6339.0474,6946.0356,2112.34,6234.1094,5004.0654,7828.8613,5767.4727,7747.664,5371.3,8667.748,1880.641,9010.955,5298.114,8542.125,3758.5244,5570.912,5718.078,8333.69,4420.96,8359.05,3229.2,8229.295,5317.065,7379.7,5621.51,7053.62,4819.07,10483.9,3796.28,8277.967,6128.7534,7295.905,6466.965,8191.84,2539.07,6125.94,4285.36,5580.26,6154.71,3222.737,4885.911,5529.24,2000.9,5660.29,5083.62,5657.92,6459.38,7760.9897,2504.75,7058.3,5598.8853,8712.022,6383.7974,7585.98,6793.04,8469.46,1470.04,8925.79,5461.27,8497.03,3181.17,4088.4697,5577.6
3,8390.468,4586.667,8630.734,3130.4119,8364.633,4175.4487,5906.7153,5076.4844,6552.1035,4736.25,10202.0,3530.123,8492.752,5921.6035,6721.09,6271.7686,7740.169,2499.8564,6618.661,3536.8682,6536.443,6041.558,2126.8857,4514.3384,5359.8643,2717.2317,4299.4644,5076.6836,5762.221,6324.7817,6810.8613,2025.0403,6039.813,4920.3003,7631.4775,5642.5835,7625.9336,5258.957,8578.246,1845.2473,8882.756,5331.2964,8422.87,3767.43,5409.9795,5632.3804,8261.21,4424.38,8295.96,3210.49,8143.98,5345.31,7296.13,5610.08,7016.37,4745.23,10459.67,3838.1301,8168.44,6086.0,7211.79,6465.95,8148.24,2512.22,6042.05,4217.18,5471.29,6144.98,3229.36,4888.91,5462.88,1930.29,5585.49,5071.44,5573.72,6446.02,7720.25,2496.74,6958.905,5583.468,8589.33,6301.97,7526.6,6793.82,8424.35,1481.9,8853.68,5484.78,8446.22,3180.8,3975.58,5508.71
4,8307.955,4577.5093,8536.901,3084.9849,8256.827,4127.249,5721.9087,5003.773,6415.419,4684.507,10124.033,3545.157,8393.372,5867.3716,6605.252,6229.357,7603.8555,2463.3076,6494.221,3468.3547,6436.467,5970.882,2061.4512,4484.159,5239.8496,2665.3694,4222.842,5064.814,5683.1724,6325.555,6685.722,1942.765,5888.04,4837.8374,7496.3765,5526.3555,7545.5522,5164.7544,8506.167,1833.1803,8796.093,5364.8726,8320.587,3788.6487,5325.7095,5553.2593,8173.37,4437.19,8225.78,3199.13,8053.78,5377.68,7212.56,5598.65,6947.53,4714.245,10430.61,3831.17,8096.95,6072.31,7130.43,6472.53,8087.12,2480.32,5959.41,4140.39,5385.43,6043.53,3241.5,4956.32,5363.62,1933.65,5517.09,5112.07,5516.77,6412.95,7673.03,2509.8,6859.51,5568.05,8506.33,6297.42,7479.53,6792.07,8378.65,1414.28,8783.4,5494.89,8370.12,3186.14,3867.8398,5446.2
5,8210.707,4568.1665,8448.637,3051.9553,8158.154,4097.441,5576.4077,4960.602,6302.9614,4641.53,10083.899,3533.2854,8310.624,5853.3584,6517.9683,6202.5093,7487.6465,2427.6758,6370.1533,3436.635,6356.624,5923.4976,2014.7186,4464.117,5126.5664,2641.8782,4143.4917,5073.2593,5599.5845,6321.7637,6576.7847,1895.1566,5757.2905,4782.665,7364.7812,5461.671,7467.965,5096.7603,8421.007,1800.0756,8708.109,5388.3745,8237.236,3803.2793,5176.922,5498.53,8113.86,4376.93,8125.28,3181.7,7989.37,5393.6,7136.15,5582.63,6878.69,4683.26,10394.32,3874.07,8030.88,6079.02,7068.17,6460.39,7998.38,2461.96,5863.43,4077.7,5274.28,6034.08,3214.6902,4944.66,5273.64,1781.86,5424.23,5106.88,5406.66,6405.4,7617.23,2427.22,6774.0,5571.8203,8465.34,6271.45,7427.91,6814.13,8304.58,1374.05,8720.93,5522.7,8315.74,3117.41,3734.2302,5346.13
6,8107.1753,4544.015,8335.561,2985.1792,8033.2817,4024.2607,5372.272,4862.4824,6151.053,4567.6357,10007.629,3539.23,8184.1733,5790.4966,6385.618,6152.205,7339.4062,2376.1965,6234.1357,3349.7434,6234.639,5833.9595,1934.3435,4428.81,4990.699,2573.757,4066.9492,5055.562,5500.8804,6308.8916,6444.0835,1794.3925,5593.5767,4666.8174,7195.0386,5321.4736,7359.0244,4980.2876,8332.5205,1764.7987,8592.606,5419.7876,8118.678,3819.2366,5069.287,5366.771,8029.63,4406.72,8058.41,3204.17,7900.11,5442.98,7059.74,5566.61,6816.1997,4661.67,10394.32,3874.07,7962.58,6051.62,7001.94,6458.14,7961.1,2496.65,5808.64,4017.09,5165.48,5941.15,3131.07,4921.26,5257.75,1838.9401,5370.11,5116.86,5324.0303,6384.49,7585.95,2514.54,6705.69,5543.5503,8381.97,6245.7,7381.64,6804.43,8234.82,1550.51,8632.51,5533.77,8214.44,3246.53,3574.3901,5266.29
7,8030.642,4545.728,8249.045,2977.0686,7928.021,4019.6309,5209.0933,4836.6562,6024.872,4561.5054,9950.357,3532.1384,8124.2,5782.914,6297.208,6134.431,7224.0205,2363.638,6102.817,3310.2812,6163.887,5771.3574,1873.2037,4401.526,4837.318,2555.8054,3959.9153,5080.334,5394.8003,6329.4673,6291.6016,1759.543,5418.7983,4653.2686,7053.8213,5247.6035,7293.9277,4921.132,8240.149,1765.2682,8513.291,5465.936,8027.5264,3859.1777,4928.6816,5297.9697,7947.6,4385.94,7954.12,3245.05,7826.54,5431.75,6959.02,5541.56,6727.93,4634.42,10394.32,3874.07,7886.59,6025.7397,6923.58,6412.08,7868.05,2537.41,5707.5,3958.97,5025.63,5854.02,3109.1,4966.15,5159.45,1818.68,5267.86,5123.66,5211.72,6353.6,7515.65,2518.79,6612.82,5512.91,8319.21,6190.84,7320.87,6786.69,8150.32,1564.76,8564.71,5525.55,8138.91,3237.54,3446.7698,5201.45
8,7919.4595,4533.7354,8135.965,2936.919,7797.898,3983.823,5029.211,4766.211,5883.338,4506.7344,9889.8125,3523.2698,8022.6035,5751.676,6187.4854,6095.314,7079.066,2328.885,5957.624,3250.2693,6064.35,5696.0933,1805.0352,4370.713,4688.5156,2519.9624,3860.501,5087.789,5291.5684,6330.2617,6135.6123,1694.3453,5250.913,4575.295,6887.201,5148.4287,7196.0703,4837.2837,8131.736,1732.9478,8404.089,5498.837,7913.313,3885.378,4784.4077,5193.869,7876.74,4393.15,7898.33,3168.21,7747.67,5479.45,6885.52,5509.1,6649.03,4610.07,10394.32,3874.07,7837.58,5985.97,6860.11,6406.94,7811.42,2472.72,5637.31,3830.19,4929.12,5815.05,3090.52,4957.33,5083.33,1850.27,5209.23,5142.55,5153.96,6360.55,7461.53,2514.69,6542.01,5489.89,8253.32,6182.0103,7277.8,6793.4,8086.97,1516.64,8491.92,5544.51,8060.0,3241.74,3353.3298,5134.87
9,7833.4697,4520.061,8054.1196,2893.79,7712.4624,3955.6824,4904.531,4715.022,5773.1426,4458.995,9845.083,3521.9788,7942.92,5721.5996,6117.7427,6058.364,6972.6094,2291.1875,5848.7256,3200.2253,5996.3877,5630.3164,1753.57,4344.8623,4575.3535,2493.1619,3787.8796,5083.241,5224.217,6325.4854,6026.158,1640.5911,5129.3486,4512.58,6766.436,5067.304,7132.562,4770.2686,8051.3145,1705.6946,8318.412,5517.5957,7832.662,3899.4846,4686.16,5116.4487,7860.4,4312.52,7824.64,3099.65,7769.86,5458.92,6887.21,5487.26,6618.76,4597.0103,10394.32,3874.07,7867.27,5962.46,6918.09,6390.32,7727.06,2349.17,5577.66,3821.96,4958.37,5775.84,3187.57,5046.78,4930.78,1737.98,5224.29,5208.06,5191.35,6420.62,7397.46,2350.08,6553.08,5438.82,8313.17,6112.54,7352.89,6778.23,7983.52,1283.26,8527.79,5488.84,8039.5,3047.31,3391.25,5196.93
10,7790.178,4501.5947,8024.0996,2820.5464,7721.2603,3905.3816,4916.5195,4640.8013,5777.289,4382.8667,9845.289,3526.9736,7908.21,5679.1694,6144.2065,6014.359,6946.6455,2251.952,5857.976,3171.5623,5982.075,5626.0825,1751.022,4345.061,4596.5386,2476.559,3804.0703,5051.9487,5252.0996,6294.034,6041.6724,1587.4254,5177.437,4400.9053,6779.71,5041.2515,7111.103,4737.0396,8029.9946,1644.4589,8287.948,5472.054,7815.4185,3874.582,4720.904,5076.713,7809.2803,4297.12,7783.68,3038.0,7715.83,5478.23,6817.17,5472.15,6551.37,4575.9897,10394.32,3874.07,7835.35,5906.8,6864.33,6369.77,7678.28,2290.92,5498.66,3719.94,4849.63,5756.48,3158.3,5017.16,4850.65,1730.2,5166.5,5191.05,5137.2803,6422.73,7362.06,2314.87,6489.83,5426.73,8274.05,6072.96,7327.01,6764.09,7946.02,1201.96,8486.68,5501.63,7978.16,3035.85,3288.74,5138.85
11,7707.8335,4479.453,7945.4834,2760.3289,7641.778,3866.6482,4801.506,4572.155,5673.7617,4320.0464,9802.6045,3526.582,7827.935,5634.866,6085.821,5968.7827,6842.336,2210.2607,5755.259,3110.0115,5913.5093,5558.091,1696.9451,4319.6113,4497.595,2441.2197,3744.176,5037.052,5197.9937,6281.7866,5943.964,1523.7024,5075.921,4315.71,6662.019,4949.0703,7048.0684,4665.8965,7953.8623,1606.8604,8201.991,5483.522,7739.4526,3886.2617,4648.7305,4978.019,7728.01,4308.23,7716.02,3010.83,7649.9,5486.97,6747.78,5460.2397,6467.7397,4575.31,10394.32,3874.07,7772.36,5901.38,6793.96,6368.77,7616.48,2292.59,5420.58,3665.26,4736.09,5653.31,3134.77,5002.2,4785.42,1703.32,5104.14,5160.35,5036.46,6438.98,7298.08,2337.0,6430.9897,5366.66,8221.78,6044.96,7274.39,6784.78,7874.52,1199.16,8411.37,5515.15,7914.7603,3008.1,3248.9397,5113.96
12,7605.7104,4460.605,7846.01,2722.3704,7536.105,3836.5913,4639.558,4511.6455,5538.823,4270.264,9759.976,3515.0754,7741.3438,5607.7974,5981.4253,5942.299,6707.1255,2162.6855,5616.973,3059.727,5821.2056,5473.1665,1624.2196,4288.2847,4341.2715,2402.8245,3652.3188,5036.189,5089.7656,6278.767,5782.67,1468.9788,4903.7446,4255.8438,6503.8403,4851.876,6968.9844,4580.6235,7855.449,1577.4331,8099.0806,5522.9995,7647.02,3912.708,4513.9717,4840.3623,7615.87,4337.46,7637.95,3072.91,7516.6,5513.44,6628.13,5464.8,6387.9897,4596.36,10394.32,3874.07,7643.57,5876.05,6677.83,6334.93,7557.81,2358.97,5379.41,3614.54,4634.48,5638.98,3085.12,4987.08,4784.21,1681.67,5032.17,5134.1,4931.13,6447.91,7275.9,2375.08,6343.23,5381.57,8056.69,6031.87,7149.52,6763.06,7840.62,1260.65,8255.18,5532.54,7818.46,3106.4,3193.9802,5099.41
13,7524.488,4455.5654,7747.001,2701.2847,7410.955,3824.8557,4475.57,4452.1016,5413.3457,4243.023,9707.215,3504.4329,7651.458,5587.996,5876.6787,5914.6665,6572.136,2137.1353,5480.7725,2993.581,5726.3975,5394.622,1554.1895,4257.201,4189.156,2366.926,3565.6523,5054.659,4987.6553,6293.9243,5619.095,1417.2446,4745.88,4195.611,6346.1797,4765.866,6883.4893,4519.741,7755.683,1571.2279,8004.795,5576.4478,7543.247,3964.1428,4402.535,4741.0522,7528.69,4353.91,7558.75,3051.72,7440.85,5527.72,6543.46,5416.82,6294.9,4582.44,10394.32,3874.07,7575.37,5862.28,6599.44,6322.94,7486.03,2315.36,5305.58,3567.52,4483.18,5565.69,3083.07,4985.53,4711.17,1616.59,4972.76,5076.16,4831.52,6493.48,7204.9,2370.71,6272.57,5318.57,7992.79,5995.71,7108.51,6766.66,7760.58,1211.65,8182.6,5548.84,7738.99,3083.66,3183.6648,5133.225
14,7445.4053,4442.486,7666.1333,2653.2246,7316.3926,3790.4653,4360.378,4375.908,5318.956,4178.854,9672.758,3497.508,7571.9624,5559.012,5809.4253,5877.9404,6460.6846,2095.1113,5380.4907,2929.173,5642.78,5330.547,1497.4027,4232.7407,4086.1648,2328.8628,3512.6013,5048.91,4925.525,6291.145,5508.2305,1355.809,4646.4683,4096.5664,6227.597,4687.85,6807.5815,4455.0537,7673.6953,1540.0156,7919.9727,5601.2876,7455.7114,3988.9612,4322.231,4652.047,7467.41,4330.43,7488.43,3027.14,7368.37,5538.08,6459.23,5409.21,6224.85,4554.77,10394.32,3874.07,7527.44,5824.06,6519.07,6306.21,7423.2,2272.82,5203.91,3467.74,4362.4,5537.54,3074.4102,5020.38,4640.69,1632.4501,4907.9,5056.96,4757.1,6495.26,7156.32,2310.65,6214.44,5303.3403,7937.19,5982.22,7061.79,6780.89,7690.62,1141.0,8118.14,5562.51,7669.95,3058.18,3173.3499,5167.04
15,7377.665,4426.6035,7598.2007,2604.0637,7244.2725,3765.742,4280.602,4315.9463,5240.508,4118.76,9643.974,3493.6196,7502.8027,5529.3887,5763.329,5840.5107,6371.668,2057.7085,5300.5254,2880.5955,5585.679,5271.7925,1456.5927,4213.152,4008.192,2306.8916,3466.6804,5040.871,4888.504,6282.0537,5420.9062,1307.0432,4575.294,4019.8274,6130.881,4622.0913,6747.0557,4404.752,7605.319,1509.9052,7845.8687,5612.157,7390.1953,4001.3818,4257.8374,4595.146,7361.59,4319.97,7378.12,2959.88,7286.13,5497.3,6397.31,5363.64,6151.28,4528.57,10394.32,3874.07,7473.545,5773.6,6451.48,6279.3,7309.38,2198.99,5161.0,3464.27,4279.9897,5565.0,3092.04,5076.17,4627.61,1611.0599,4876.81,5010.76,4702.22,6570.48,7053.24,2276.77,6160.22,5271.31,7836.46,5905.32,7017.52,6771.73,7553.04,1086.4199,8007.11,5506.99,7542.87,2988.03,3163.035,5200.855
16,7319.3438,4415.672,7548.967,2547.4026,7191.346,3725.4211,4231.514,4237.156,5195.0474,4045.2507,9622.16,3492.84,7453.977,5499.2583,5730.512,5797.749,6306.2812,2016.8265,5251.366,2826.66,5530.2334,5234.029,1424.8335,4198.416,3970.5857,2286.048,3457.8792,5017.936,4874.15,6265.5127,5357.077,1249.9856,4558.0586,3913.7202,6061.3335,4573.5557,6693.0967,4358.134,7548.9536,1476.4557,7791.9585,5602.1904,7329.0273,4002.3716,4228.6235,4475.863,7305.59,4280.05,7316.48,2923.46,7241.0,5506.94,6335.34,5371.7397,6100.18,4504.0,10394.32,3874.07,7419.65,5723.14,6380.89,6286.64,7237.07,2207.76,5098.36,3396.9,4199.17,5569.13,3110.1902,5115.42,4567.81,1561.59,4846.73,5001.92,4656.54,6597.49,7001.37,2231.87,6127.4897,5231.55,7807.36,5867.48,7002.77,6778.81,7470.18,1069.63,7974.4,5492.09,7480.14,2949.22,3152.72,5234.67
17,7292.638,4408.6343,7517.542,2514.4111,7164.5093,3708.9814,4201.821,4186.4307,5170.074,4004.258,9606.81,3492.5652,7422.257,5476.3184,5724.3853,5773.825,6264.7114,1999.7169,5224.593,2791.349,5510.135,5204.429,1400.6154,4188.9243,3942.6975,2271.8865,3443.5115,5009.329,4863.6196,6260.6714,5315.823,1215.661,4544.2744,3849.5984,6028.228,4534.784,6668.7666,4335.9307,7512.133,1458.5874,7762.454,5601.797,7297.9165,4013.0032,4231.4683,4443.3696,7252.67,4256.76,7256.29,2882.91,7201.65,5514.79,6273.05,5333.5,6043.13,4495.67,10394.32,3874.07,7375.3,5707.93,6315.72,6259.73,7182.31,2135.58,5056.93,3377.48,4104.19,5573.84,3115.48,5141.34,4529.82,1589.52,4802.45,4957.65,4594.74,6625.85,6950.77,2215.93,6074.11,5217.87,7757.88,5850.35,6976.59,6780.02,7410.06,999.36005,7910.5103,5504.79,7412.0,2984.57,3138.3499,5241.62
18,7215.77,4396.4883,7447.487,2469.3694,7090.773,3691.561,4127.2305,4137.81,5093.9854,3948.2239,9588.504,3479.828,7360.8657,5463.3286,5671.915,5744.012,6177.8486,1953.7831,5139.3823,2750.2268,5442.498,5155.677,1360.4426,4170.2666,3847.4248,2255.0974,3397.2783,5010.6797,4812.862,6255.902,5209.0884,1174.8477,4467.5337,3781.2239,5923.731,4485.232,6599.8936,4284.407,7438.208,1424.3328,7687.38,5618.449,7231.4336,4031.323,4130.245,4354.911,7154.56,4243.68,7173.74,2812.29,7104.3,5593.6997,6191.61,5349.17,5979.57,4503.41,10394.32,3874.07,7286.01,5692.44,6212.95,6300.35,7093.11,2041.75,5014.8203,3362.26,4094.6,5626.5,3190.57,5207.7397,4457.24,1452.0901,4795.84,4969.76,4571.49,6664.24,6870.02,2107.93,6027.12,5224.63,7659.53,5798.31,6917.7803,6794.32,7301.43,834.87,7815.6,5477.4,7318.5103,2884.29,3160.3167,5217.4165
19,7182.679,4381.786,7423.22,2413.2874,7072.008,3650.438,4113.752,4083.4033,5076.9355,3881.9546,9584.98,3473.8704,7332.408,5444.683,5662.805,5718.4287,6151.5215,1911.1432,5123.757,2719.2273,5412.872,5139.6606,1343.0289,4164.968,3835.6416,2233.5706,3404.8525,4989.0947,4809.7505,6236.731,5185.709,1133.8173,4480.351,3696.5767,5897.4043,4454.3125,6567.991,4248.757,7410.5728,1383.026,7656.936,5604.468,7207.6245,4024.1213,4119.748,4284.8076,7122.94,4247.51,7150.62,2884.26,7089.23,5602.23,6122.54,5341.56,5901.37,4488.91,10394.32,3874.07,7260.11,5662.45,6116.63,6288.99,7064.56,2154.67,4949.15,3376.51,3951.68,5613.9,3082.76,5114.46,4453.57,1584.5499,4701.59,4929.74,4442.83,6651.79,6848.76,2197.15,5957.21,5177.08,7623.58,5780.4,6888.03,6786.0103,7284.9897,958.44,7789.0,5498.93,7275.01,2969.78,3182.283,5193.2134
20,7133.9814,4389.2886,7362.698,2430.7156,6990.767,3674.328,4023.5632,4070.6821,4999.2334,3894.6326,9551.651,3466.9653,7291.5654,5442.815,5601.912,5710.0967,6067.1387,1914.1403,5027.9404,2694.3955,5366.792,5081.7803,1304.1572,4142.199,3713.8784,2235.0415,3324.536,5014.9663,4734.6646,6257.62,5064.9023,1129.5135,4364.7,3704.6606,5793.8027,4414.3325,6533.489,4229.425,7336.6587,1396.4142,7604.5728,5647.7275,7143.514,4066.1277,4043.0098,4257.2515,7067.25,4270.51,7109.5,2942.35,7030.32,5648.83,6064.08,5312.53,5863.16,4522.9897,10394.32,3874.07,7205.19,5597.08,6038.23,6214.8,7023.62,2239.26,4898.11,3433.98,3957.7002,5655.94,3111.44,5122.87,4398.12,1667.4501,4693.08,4942.93,4416.35,6576.95,6802.68,2263.11,5916.99,5156.22,7560.84,5695.89,6866.12,6675.27,7218.68,1081.0499,7715.05,5460.31,7208.69,3053.99,3204.2498,5169.0103
21,7097.8477,4402.2627,7328.4316,2443.6963,6945.9043,3706.4033,3987.0774,4074.1094,4955.4966,3906.5537,9525.92,3467.5159,7280.708,5441.3726,5570.3467,5698.339,6028.0117,1925.4951,4979.865,2689.211,5353.714,5049.8086,1287.3977,4130.5664,3647.5652,2259.5337,3269.1565,5032.338,4695.623,6270.894,4989.7285,1134.0159,4307.668,3718.293,5744.818,4403.674,6513.258,4225.177,7280.4434,1407.1295,7582.782,5667.127,7102.426,4093.6797,4000.3208,4234.391,7066.57,4312.48,7138.14,2898.72,7050.0,5702.31,6039.14,5375.9,5828.62,4551.7,10394.32,3874.07,7206.33,5664.82,5966.4697,6276.78,7048.96,2188.67,4860.61,3460.41,3902.3,5745.38,3097.44,5146.19,4356.38,1671.71,4661.75,4976.6,4385.95,6631.39,6817.84,2197.49,5905.9,5201.42,7558.81,5736.49,6864.33,6746.4697,7260.86,914.28,7727.17,5514.64,7179.545,3059.595,3207.22,5156.4
22,7069.8228,4409.4863,7310.6255,2434.0354,6915.838,3702.6755,3950.1584,4077.3481,4925.427,3890.9248,9529.104,3453.4526,7267.636,5459.128,5548.026,5703.432,5992.2114,1892.8206,4941.9194,2685.3613,5326.998,5047.345,1271.319,4127.321,3592.9463,2254.1167,3252.8591,5045.313,4663.0757,6280.8394,4944.715,1132.8846,4270.6963,3704.4717,5712.9434,4402.0464,6492.1973,4204.7573,7255.348,1390.9408,7557.7646,5683.7305,7083.7817,4112.2173,3942.7898,4218.476,7017.3,4340.19,7081.29,2921.37,7004.0103,5803.26,5967.0,5390.94,5791.7603,4608.21,10394.32,3874.07,7152.22,5667.16,5875.29,6298.42,6997.84,2239.97,4834.19,3503.8098,3855.37,5750.82,3095.36,5074.97,4337.31,1689.47,4636.9,4993.71,4348.2,6636.21,6762.06,2230.93,5864.23,5199.37,7498.61,5701.34,6822.65,6767.63,7198.6147,922.13,7657.55,5529.7,7150.4,3065.2,3237.47,5137.28
23,7038.4185,4410.132,7275.7627,2438.374,6870.706,3714.0745,3898.8618,4080.077,4871.088,3894.679,9514.372,3444.9932,7245.0303,5462.25,5511.3877,5699.967,5947.655,1888.5833,4885.0215,2675.6604,5303.4663,5010.899,1248.9188,4114.4097,3520.8123,2257.6763,3207.4575,5056.5083,4614.6562,6287.365,4876.194,1132.6084,4199.86,3715.9417,5652.018,4377.0513,6466.3784,4189.4453,7210.6694,1389.7942,7523.7173,5707.9683,7052.3066,4131.2495,3892.3074,4215.1533,6979.09,4349.73,7039.36,2892.72,6966.58,5829.4,5911.27,5399.67,5729.55,4611.66,10394.32,3874.07,7116.45,5682.02,5805.22,6304.6,6956.13,2241.96,4807.15,3494.41,3816.4402,5712.92,3119.79,5041.11,4318.7603,1673.03,4614.01,5005.4,4331.4,6664.88,6733.55,2196.9,5824.27,5223.81,7435.12,5686.27,6806.69,6767.2397,7136.37,929.98004,7598.5,5539.6,7096.71,3066.97,3260.86,5112.97
24,7012.2383,4403.567,7247.0415,2428.5117,6837.037,3712.8691,3855.554,4070.5254,4831.24,3883.6755,9504.33,3438.1233,7220.7134,5460.414,5481.422,5692.728,5911.562,1873.4474,4839.884,2658.2969,5276.403,4978.9155,1228.0525,4103.3735,3464.754,2252.282,3181.5188,5058.725,4580.844,6286.3457,4823.0415,1120.8499,4152.0864,3707.6648,5602.1987,4347.825,6439.5605,4170.3584,7177.473,1383.7112,7490.555,5721.064,7026.6816,4139.815,3858.7043,4182.355,6938.01,4370.55,7001.369,2892.531,6935.09,5877.95,5864.08,5406.08,5692.64,4672.53,10394.32,3874.07,7078.2397,5679.43,5733.3535,6305.3374,6922.73,2253.33,4773.11,3453.13,3760.1501,5634.23,3155.25,4979.54,4292.32,1732.9401,4591.36,5000.12,4296.39,6657.75,6761.64,2212.42,5795.94,5159.31,7395.76,5661.04,6784.4,6766.97,7089.54,950.82,7561.15,5527.26,7045.98,3088.73,3274.86,5071.64
25,6987.54,4397.2017,7221.5796,2424.8188,6808.852,3723.105,3823.7664,4067.942,4787.9736,3878.685,9488.312,3438.14,7203.6665,5451.6904,5465.1724,5680.868,5878.0,1870.5349,4792.735,2645.12,5269.42,4939.57,1211.5679,4090.7886,3416.0876,2260.3152,3147.075,5056.73,4554.2334,6283.726,4778.103,1118.6151,4102.3496,3715.1458,5556.7275,4317.1245,6426.093,4158.492,7142.9307,1383.7616,7464.7466,5729.112,7005.579,4144.4897,3827.384,4179.6387,6905.1777,4363.609,6963.378,2892.342,6910.3076,5906.8735,5799.89,5375.05,5655.6636,4666.677,10394.32,3874.07,7026.08,5672.71,5661.487,6306.0747,6870.275,2248.395,4751.5103,3432.5898,3727.3801,5571.94,3212.1,4962.47,4283.9478,1743.9344,4568.6885,5002.29,4273.02,6647.91,6789.73,2227.94,5778.908,5129.072,7335.99,5608.11,6743.5103,6763.2197,7063.6187,932.58203,7490.415,5506.095,6974.94,3100.02,3465.6199,5037.14
26,6967.554,4390.7437,7197.2314,2413.6,6783.5464,3725.1992,3801.8093,4055.6462,4761.6016,3864.8572,9476.654,3437.531,7185.68,5441.8823,5452.1157,5668.7026,5850.456,1861.7443,4759.6514,2631.8853,5254.822,4912.3813,1198.9557,4082.1157,3379.5364,2261.0928,3124.555,5055.884,4533.6494,6280.9272,4738.716,1109.1194,4072.2112,3705.885,5523.0127,4292.8906,6409.5415,4146.459,7117.016,1378.9254,7440.5396,5734.1343,6987.401,4149.035,3804.758,4173.801,6872.345,4356.6675,6925.387,2892.153,6885.525,5935.7974,5768.8735,5364.8066,5618.6865,4660.823,10394.32,3874.07,6974.25,5619.4,5589.62,6306.812,6817.82,2243.46,4744.4717,3430.6333,3698.98,5437.89,3247.42,4952.06,4275.5757,1754.929,4546.017,5004.46,4272.93,6599.78,6817.82,2243.46,5761.876,5098.834,7276.22,5555.18,6731.16,6683.37,7037.6973,914.34406,7419.68,5484.93,6898.36,3097.53,3716.1401,5060.49
27,6945.845,4382.067,7170.0625,2402.051,6759.1436,3734.6145,3789.6526,4049.9565,4734.698,3852.2358,9464.384,3437.2788,7166.686,5426.029,5441.255,5655.0767,5820.161,1858.8331,4719.41,2627.7148,5247.125,4879.5796,1191.2388,4074.1619,3345.9453,2268.3228,3088.947,5055.7305,4513.6055,6275.007,4705.327,1105.341,4039.1848,3706.837,5486.69,4271.2617,6396.8027,4138.476,7087.042,1373.9347,7413.5396,5739.815,6970.2114,4152.3506,3771.7166,4207.134,6839.512,4349.726,6887.396,2891.964,6860.7427,5964.721,5737.857,5354.5635,5581.71,4654.97,10394.32,3874.07,6955.63,5618.4727,5517.7534,6307.5493,6797.25,2231.5715,4737.433,3428.6768,3698.66,5413.65,3245.795,4903.785,4267.203,1765.9233,4523.3457,5006.63,4256.46,6598.98,6784.3413,2226.2388,5744.844,5068.596,7216.45,5502.25,6713.97,6708.1934,7011.776,896.106,7373.59,5495.11,6865.08,3081.23,3895.87,5058.97
28,6926.6265,4376.927,7146.4937,2391.4702,6735.883,3738.4995,3767.4136,4042.7002,4707.958,3841.4587,9455.492,3434.7,7150.4346,5418.643,5424.8447,5645.638,5789.2925,1847.8793,4684.4717,2617.061,5233.357,4852.027,1178.9867,4065.2285,3305.7659,2267.5815,3065.1934,5056.266,4489.4053,6274.5903,4666.204,1099.4004,4005.2898,3702.978,5450.448,4250.1187,6383.432,4125.5566,7062.8438,1369.2438,7389.4395,5749.7134,6954.764,4159.182,3748.028,4214.053,6806.68,4342.785,6849.405,2891.775,6835.96,5993.645,5706.8403,5344.32,5544.7334,4649.1167,10394.32,3874.07,6937.01,5617.545,5445.8867,6308.2866,6776.68,2219.6829,4730.395,3426.72,3714.11,5321.54,3244.17,4855.51,4258.831,1776.9178,4500.6743,5008.8,4240.98,6573.06,6750.8623,2209.0178,5727.812,5038.358,7180.61,5451.88,6696.7803,6733.0166,6985.8545,877.868,7327.5,5505.29,6831.8,3064.93,4078.0,5092.11
29,6904.416,4368.3223,7119.1284,2380.51,6710.671,3747.9592,3745.627,4042.0706,4676.163,3830.109,9446.645,3431.0352,7131.169,5410.1616,5408.3853,5636.7207,5754.811,1838.665,4639.522,2611.555,5222.6265,4817.5635,1167.9026,4055.4866,3261.8296,2270.5679,3032.1133,5057.689,4461.4155,6271.4033,4626.341,1097.5287,3960.0515,3707.9954,5407.484,4226.4785,6367.946,4113.4087,7034.8984,1362.4038,7360.281,5760.5415,6939.995,4163.0244,3708.903,4246.2896,6773.8477,4335.8438,6811.414,2891.586,6811.1772,6022.569,5675.823,5334.0767,5507.757,4643.263,10394.32,3874.07,6918.39,5616.6177,5374.02,6309.024,6756.11,2207.7942,4723.3564,3424.7634,3799.229,5312.388,3210.54,4805.0,4250.459,1787.9122,4478.003,5010.9697,4200.34,6589.71,6717.3833,2191.7966,5710.7803,5008.12,7140.925,5453.39,6679.59,6757.84,6959.933,859.63,7284.59,5532.67,6813.16,3096.8,4206.77,5105.75
30,6884.2227,4364.646,7090.9033,2374.6301,6683.523,3753.296,3718.2263,4037.8481,4648.9546,3823.911,9440.224,3424.8567,7114.1113,5409.2256,5385.953,5631.322,5724.229,1828.6284,4599.033,2599.4473,5202.4014,4790.8564,1153.4932,4046.3499,3210.1887,2267.6023,3006.733,5066.006,4428.0234,6277.145,4575.992,1093.6162,3918.9448,3706.1516,5367.203,4208.384,6348.4424,4099.888,7007.965,1357.3208,7332.308,5776.7983,6922.6416,4177.7134,3678.549,4253.6343,6741.015,4328.9023,6773.423,2891.397,6786.395,6051.4927,5644.8066,5323.8335,5470.78,4637.41,10394.32,3874.07,6899.77,5615.69,5302.1533,6309.761,6735.54,2195.9058,4716.3184,3422.8066,3884.3481,5303.236,3204.4302,4779.97,4242.0864,1798.9067,4455.3315,5013.14,4196.0303,6596.58,6683.9043,2174.5754,5683.7334,4987.3765,7101.2397,5454.9,6647.825,6753.9365,6934.0117,841.392,7241.68,5560.05,6775.38,3085.26,4348.27,5136.31
31,6865.573,4361.293,7069.542,2369.1013,6660.15,3756.29,3697.8567,4037.0981,4624.998,3815.9302,9435.1455,3419.5974,7098.5396,5408.9414,5364.6084,5626.7446,5699.3667,1819.098,4565.235,2593.0784,5187.0376,4769.6123,1144.3356,4039.765,3171.1543,2266.936,2986.5742,5071.204,4401.275,6279.666,4537.423,1091.4744,3886.4438,3705.8542,5333.9,4195.505,6330.191,4088.8223,6985.5674,1351.5138,7308.416,5789.016,6908.0874,4186.484,3646.4646,4266.72,6708.1826,4321.9614,6735.432,2891.208,6761.6123,6080.416,5613.79,5313.59,5455.13,4557.2,10394.32,3874.07,6844.64,5514.14,5230.2866,6310.4985,6714.97,2184.017,4709.2803,3420.85,3969.467,5294.084,3170.36,4705.61,4233.7144,1809.9011,4432.66,5015.31,4153.39,6512.49,6650.426,2157.3545,5656.6865,4966.6333,7072.827,5430.716,6616.0605,6750.0327,6908.091,823.15405,7167.485,5601.82,6692.66,3116.98,4424.5435,5163.27
32,6846.5864,4354.927,7042.623,2349.887,6636.08,3761.639,3692.877,4022.943,4597.257,3798.2085,9421.095,3421.724,7078.7017,5386.7686,5348.011,5607.314,5667.8228,1813.7617,4529.734,2578.9016,5175.4277,4731.913,1132.1718,4029.2952,3131.4426,2267.1152,2953.9255,5067.4277,4382.618,6275.438,4497.127,1081.8889,3862.8545,3696.8,5292.9897,4167.376,6318.5376,4081.7751,6957.018,1347.6921,7285.403,5799.1436,6889.566,4192.2095,3616.571,4294.6685,6675.35,4315.02,6697.441,2891.019,6736.83,6109.34,5634.99,5397.4897,5483.3,4586.36,10394.32,3874.07,6858.17,5636.99,5158.42,6311.236,6694.4,2172.1287,4730.15,3385.68,4054.5862,5284.932,3147.79,4618.52,4225.3423,1820.8956,4450.45,5086.63,4143.0303,6579.81,6616.947,2140.1333,5629.64,4945.89,7044.414,5406.5312,6584.296,6746.1294,6882.1694,804.91595,7093.29,5643.59,6715.32,3101.71,4500.817,5190.23
33,6832.433,4351.433,7022.2446,2368.8464,6606.058,3780.025,3638.753,4070.2686,4556.037,3819.4048,9425.178,3404.4172,7064.1245,5415.6113,5309.313,5627.2637,5642.2188,1803.0964,4468.634,2586.362,5163.084,4704.368,1121.3479,4020.7725,3057.8267,2269.9812,2923.6602,5088.1626,4324.6187,6287.717,4446.053,1101.8322,3776.163,3745.2166,5245.9053,4156.028,6299.7007,4070.1958,6935.4424,1347.424,7252.622,5829.7983,6881.7065,4203.2466,3539.1445,4338.214,6666.66,4320.11,6659.4497,2890.83,6748.0103,6136.23,5661.97,5389.46,5508.3,4565.95,10394.32,3874.07,6877.01,5594.51,5086.553,6311.973,6673.83,2160.24,4740.21,3401.07,4139.705,5275.78,3126.74,4596.12,4216.97,1831.89,4461.02,5021.64,4158.8003,6574.4,6583.468,2122.912,5643.98,4944.85,7016.0015,5382.347,6552.5312,6742.2256,6856.248,786.678,7072.06,5628.54,6696.49,3164.74,4577.0903,5217.19
34,6818.2495,4346.577,7002.8887,2355.3206,6591.8374,3781.9062,3627.7437,4060.766,4540.4775,3806.7236,9421.111,3402.3647,7051.41,5407.603,5296.1006,5618.203,5621.712,1794.8984,4441.4927,2575.4666,5153.215,4684.9907,1113.8512,4014.3818,3034.0452,2268.348,2910.2036,5086.703,4313.0244,6285.784,4413.9497,1097.5621,3763.928,3737.462,5220.44,4143.7,6287.1494,4063.2468,6919.579,1343.3755,7234.5986,5833.409,6870.4277,4207.969,3523.7432,4338.2314,6640.8203,4285.09,6658.02,3152.43,6745.5103,6142.94,5660.25,5419.34,5518.64,4549.35,10394.32,3874.07,6868.84,5574.99,5014.6865,6312.7104,6656.62,2152.0266,4714.28,3384.84,4224.824,5266.628,3053.17,4581.82,4202.803,1836.3301,4489.0103,5047.75,4122.87,6559.02,6549.989,2105.6912,5635.63,4958.7803,6987.5884,5358.163,6520.7666,6738.3223,6830.3267,768.44,7042.388,5642.05,6658.02,3152.43,4596.33,5251.08
35,6818.7383,4355.9023,6998.698,2375.03,6582.1367,3794.362,3633.167,4064.4956,4541.117,3820.7573,9416.52,3403.9543,7048.2754,5406.8247,5291.899,5616.799,5609.675,1803.771,4430.9873,2570.7058,5148.7773,4674.134,1110.6284,4010.2046,3006.1462,2273.5234,2892.5044,5099.075,4295.672,6302.3213,4385.2915,1105.4789,3748.1758,3742.5393,5215.8013,4143.9053,6298.3354,4067.4514,6909.5747,1354.8085,7231.5767,5851.4023,6858.8105,4226.7856,3520.596,4373.4116,6643.85,4303.86,6659.63,3147.86,6758.99,6161.4,5694.84,5441.56,5549.11,4550.16,10394.32,3874.07,6869.78,5558.9,4942.82,6313.448,6639.41,2143.8132,4712.41,3385.51,4309.943,5257.476,3009.47,4559.94,4188.6367,1840.77,4561.64,5109.44,4124.96,6547.9,6516.51,2088.47,5668.38,5001.95,6959.176,5333.9785,6489.002,6734.419,6804.4053,750.202,7012.716,5655.56,6659.63,3147.86,4642.2,5277.81
36,6815.651,4359.277,6997.6123,2382.3638,6573.6406,3806.3765,3624.8103,4086.0662,4526.5034,3831.2263,9412.635,3402.07,7047.015,5412.8105,5279.588,5620.9595,5602.7466,1804.6654,4409.737,2576.087,5155.895,4660.35,1109.0265,4006.8713,2983.7124,2282.6072,2877.5093,5104.7104,4278.241,6306.1694,4369.44,1117.1704,3721.138,3767.4895,5200.8423,4141.0977,6296.6475,4070.5544,6899.5796,1361.3577,7224.8706,5861.1396,6856.0884,4230.1377,3489.4023,4402.6333,6639.2803,4307.58,6647.95,3206.86,6739.07,6200.0,5707.24,5445.22,5567.75,4560.94,10394.32,3874.07,6868.11,5529.33,4870.953,6314.1855,6622.2,2135.6,4713.46,3366.34,4395.062,5248.3237,2949.5,4535.41,4174.4697,1845.2101,4625.75,5240.71,4104.36,6557.7,6483.0312,2071.2488,5696.06,4995.67,6930.7627,5309.7944,6457.2373,6730.515,6778.484,731.964,6983.044,5669.07,6647.95,3206.86,4681.25,5325.295
37,6824.616,4369.8228,6999.1235,2398.3105,6576.519,3827.7668,3637.9766,4108.386,4529.4927,3853.907,9410.561,3403.744,7056.1597,5417.702,5285.2856,5626.4263,5600.4355,1815.2887,4403.7734,2583.6729,5166.517,4656.3013,1111.8413,4006.164,2964.1736,2295.047,2861.5193,5119.6855,4265.714,6321.3354,4352.0186,1132.8849,3703.9226,3794.763,5204.677,4150.145,6310.1934,4084.2131,6898.5845,1374.6558,7230.213,5874.57,6858.357,4245.768,3475.2932,4468.2515,6635.3003,4406.49,6643.07,3213.45,6702.86,6219.28,5733.06,5510.65,5613.79,4577.5,10394.32,3874.07,6867.16,5515.77,4799.0864,6314.923,6623.12,2137.54,4722.59,3371.82,4480.181,5239.172,2875.8801,4492.09,4190.73,1866.22,4699.45,5279.46,4092.29,6543.43,6449.5522,2054.0278,5729.63,5036.63,6902.35,5285.61,6425.4727,6726.612,6752.5625,713.726,6953.372,5682.58,6643.07,3213.45,4720.3,5372.7803
38,6825.454,4380.109,7004.683,2417.4155,6560.4053,3843.2961,3629.4119,4133.8403,4513.4395,3872.4531,9403.604,3403.4587,7060.276,5427.2437,5266.7754,5633.4487,5594.3066,1825.3251,4383.352,2589.9756,5177.085,4641.9233,1109.5695,4002.3896,2943.638,2307.629,2846.3027,5124.7866,4246.3413,6329.531,4338.437,1150.7986,3675.5503,3827.1309,5190.7993,4151.6997,6316.7124,4093.4385,6887.389,1390.9949,7232.3774,5889.396,6851.0156,4251.804,3444.9185,4500.1455,6654.56,4402.81,6724.21,3020.41,6708.89,6240.58,5768.31,5536.11,5657.04,4606.61,10394.32,3874.07,6894.5,5494.11,4727.22,6315.66,6624.04,2139.48,4735.15,3372.49,4565.3,5230.02,2848.76,4497.5,4210.89,1921.86,4783.5,5319.38,4107.7603,6516.8,6416.073,2036.8066,5785.05,5025.73,6873.937,5261.426,6393.7075,6722.708,6726.641,695.48804,6923.7,5696.09,6648.68,3231.59,4826.89,5440.5703
39,6811.5996,4370.8896,6991.9473,2414.8574,6540.7017,3858.6145,3613.4692,4173.527,4480.9697,3873.6355,9402.786,3394.0125,7046.223,5437.3154,5240.195,5641.6484,5579.1826,1823.1404,4335.2754,2608.177,5191.4575,4613.936,1111.1869,3998.5881,2916.0679,2322.1658,2820.8394,5128.4233,4218.6978,6320.6597,4319.0776,1169.3024,3628.8943,3870.9973,5152.5425,4142.1777,6293.568,4096.122,6870.8677,1389.3093,7207.0015,5897.0483,6850.3247,4243.2236,3370.3225,4563.6196,6671.81,4377.03,6729.7603,3057.48,6678.34,6265.14,5784.14,5531.34,5694.15,4636.51,10394.32,3874.07,6915.34,5473.05,4747.28,6328.33,6610.42,2134.5,4757.96,3365.53,4644.645,5248.905,2817.5,4499.83,4221.14,1949.49,4852.83,5342.82,4139.87,6529.65,6382.594,2019.5856,5841.11,5034.23,6845.5244,5237.241,6361.943,6718.8047,6700.7197,677.25,6918.6,5703.18,6645.64,3280.57,4925.0503,5528.63
40,6813.257,4370.686,6984.062,2421.13,6536.41,3872.2349,3617.359,4190.107,4477.328,3883.2603,9404.591,3391.023,7042.141,5439.772,5234.967,5646.2197,5570.63,1829.0531,4318.3315,2614.9436,5196.598,4603.392,1114.1261,3997.0654,2901.6016,2328.1572,2807.579,5137.0894,4205.4575,6326.338,4301.2275,1181.456,3611.65,3889.8804,5144.9062,4145.2715,6293.0312,4101.921,6868.762,1393.0647,7198.659,5907.4277,6850.7803,4251.112,3350.1682,4620.3696,6723.45,4455.45,6781.68,3250.31,6664.09,6318.96,5777.96,5601.71,5730.57,4662.14,10394.32,3874.07,6970.32,5479.81,4729.94,6243.02,6652.37,2206.78,4744.39,3417.58,4723.99,5267.79,2767.44,4417.44,4196.67,2068.5,4884.42,5349.57,4105.51,6364.71,6349.1157,2002.3645,5863.34,5074.72,6817.1113,5213.057,6330.178,6714.901,6760.92,697.10004,6952.69,5751.38,6694.33,3331.45,4959.0703,5533.6
41,6793.0127,4381.573,6968.2896,2453.2446,6492.1245,3910.5427,3611.6458,4237.138,4438.5903,3906.4138,9393.478,3386.2188,7042.8716,5452.862,5188.0024,5651.349,5545.2227,1849.6411,4258.01,2627.567,5212.338,4547.829,1103.3809,3983.1035,2829.6533,2359.924,2746.004,5150.7085,4150.155,6335.6694,4237.4507,1214.9305,3534.2485,3953.9805,5091.516,4125.2896,6296.0894,4108.8247,6826.781,1413.5023,7182.309,5943.4697,6825.883,4259.8184,3265.3074,4670.2437,6748.7803,4487.54,6801.7,3248.06,6631.8677,6351.685,5781.2,5647.85,5772.62,4765.16,10394.32,3874.07,6957.43,5481.75,4756.69,6248.39,6672.13,2209.85,4779.2603,3462.72,4826.66,5354.38,2766.19,4441.34,4227.7197,2128.2,4983.06,5508.83,4150.69,6370.61,6315.6367,1985.1433,5919.61,5084.22,6788.6987,5188.873,6298.4136,6710.9976,6770.4897,694.64,6938.17,5749.95,6687.77,3450.86,5036.54,5609.67
42,6811.8267,4396.565,6981.362,2478.9312,6508.2397,3941.672,3637.1428,4288.559,4455.9785,3943.5085,9399.142,3384.7974,7065.511,5476.15,5198.7124,5670.107,5562.5312,1870.1339,4262.447,2659.5098,5244.8545,4560.912,1120.3309,3990.3655,2832.28,2385.4695,2737.2756,5171.5317,4141.07,6351.118,4238.1577,1247.128,3525.8943,4009.5105,5120.5566,4156.1694,6313.9253,4131.0767,6841.3984,1428.5211,7200.4644,5952.32,6844.309,4270.2173,3251.9402,4747.62,6754.87,4531.92,6787.81,3390.11,6599.645,6384.41,5780.09,5694.05,5796.82,4782.0,10394.32,3874.07,6948.92,5493.49,4780.4697,6247.06,6656.29,2233.64,4781.55,3486.9,4908.04,5449.62,2717.61,4467.68,4225.65,2140.16,5040.19,5592.34,4160.8003,6381.04,6282.1577,1967.9222,5947.93,5107.44,6760.2856,5164.6885,6266.649,6707.094,6762.4897,673.75006,6918.57,5767.13,6682.4897,3444.05,5201.48,5655.7827
43,6828.0986,4413.0024,7001.302,2505.5251,6514.639,3953.8135,3653.3325,4311.065,4474.4517,3968.158,9401.248,3386.5645,7084.8237,5491.8306,5200.0425,5681.6,5577.1777,1883.1495,4280.3174,2674.9036,5259.9385,4580.038,1129.9183,3997.495,2837.811,2394.746,2742.8801,5184.6816,4136.9087,6371.1973,4240.28,1265.983,3530.138,4027.1023,5150.2695,4180.864,6337.2324,4141.5977,6855.229,1440.3252,7223.2334,5965.9053,6853.171,4285.9165,3273.8054,4773.7236,6810.945,4545.215,6853.33,3391.08,6567.4224,6417.135,5791.56,5758.21,5857.155,4840.9897,10394.32,3874.07,6989.7397,5528.39,4809.59,6264.26,6696.28,2240.7,4811.55,3481.63,5024.04,5509.69,2717.61,4467.68,4260.0,2159.67,5133.25,5656.03,4164.92,6346.23,6248.6787,1950.7012,6030.0103,5180.02,6731.873,5140.5044,6234.8843,6703.1904,6800.45,694.57007,6943.02,5839.01,6700.33,3522.61,5366.42,5701.895
44,6845.437,4413.4785,7009.701,2531.2195,6519.575,3976.4648,3651.2036,4367.696,4479.0503,3994.178,9412.227,3375.7952,7088.809,5517.953,5184.263,5707.808,5592.223,1890.4209,4259.916,2700.7805,5279.6064,4569.153,1137.4742,3999.988,2819.2412,2402.7014,2728.9905,5200.817,4108.045,6383.038,4231.2324,1293.7288,3490.0522,4078.7583,5153.006,4186.424,6350.6313,4148.616,6869.1523,1449.2683,7221.5967,5993.284,6870.808,4288.7773,3256.4988,4837.5034,6867.02,4558.5103,6894.395,3420.15,6535.2,6449.8604,5778.61,5770.46,5917.49,4899.98,10394.32,3874.07,7030.56,5563.29,4796.54,6275.92,6738.2397,2124.19,4833.56,3377.96,5077.23,5529.19,2717.61,4467.68,4295.46,2039.65,5169.55,5626.96,4136.64,6330.31,6215.2,1933.48,6078.71,5208.345,6703.46,5116.32,6203.1196,6699.287,6833.83,535.09,6966.45,5873.23,6714.23,3450.12,5531.3604,5748.0073
45,6842.9536,4403.8115,7007.914,2524.317,6516.119,3959.0005,3636.3745,4365.577,4469.1274,3979.6719,9421.04,3370.787,7066.024,5513.243,5166.663,5707.204,5582.869,1867.0251,4247.94,2689.4893,5260.6885,4558.8647,1132.6577,3997.9165,2814.9724,2379.9558,2739.651,5189.6885,4104.9653,6380.713,4240.054,1287.2969,3478.2068,4055.5166,5139.9634,4171.368,6357.1357,4133.1235,6880.1987,1438.2653,7209.8306,6010.2715,6876.227,4284.698,3246.097,4859.1274,6935.69,4596.79,6935.46,3449.22,6553.2803,6390.65,5788.04,5763.3,5973.87,4920.77,10394.32,3874.07,7054.34,5583.37,4809.48,6246.62,6768.21,2135.82,4839.04,3395.14,5168.47,5574.44,2717.61,4467.68,4304.17,2077.65,5242.22,5739.87,4145.52,6309.53,6211.91,1962.95,6127.41,5236.67,6710.07,5140.92,6171.3545,6695.3833,6867.79,539.86993,7028.335,5894.7,6724.44,3549.21,5696.3003,5794.12
46,6859.531,4417.9062,7022.907,2548.7578,6528.0625,3979.9868,3657.307,4396.0815,4487.3276,4005.6304,9427.065,3370.6743,7087.855,5531.2314,5176.635,5720.0337,5595.3022,1879.2332,4256.772,2705.973,5276.4224,4569.95,1140.3949,4002.7651,2811.2134,2392.7524,2735.607,5203.844,4098.469,6398.0903,4234.8975,1307.7211,3472.7383,4084.2095,5167.8394,4190.6455,6382.867,4144.759,6894.4067,1450.6565,7226.8022,6024.9326,6887.8545,4297.434,3260.822,4891.935,7004.36,4635.07,6966.31,3588.01,6627.2803,6322.65,5854.91,5750.46,6086.95,5029.0,10394.32,3874.07,7125.94,5587.22,4909.77,6243.48,6768.63,2257.29,4881.24,3489.6401,5215.8,5563.7544,2717.61,4467.68,4333.54,2296.93,5369.52,5772.8,4227.7803,6293.09,6207.9478,1975.104,6228.19,5252.52,6750.0,5123.43,6139.59,6691.48,6852.03,667.22,7090.22,5916.17,6748.74,3604.06,6056.73,5875.88
47,6879.961,4432.954,7040.803,2591.8345,6536.3125,4023.7688,3697.2454,4447.2197,4505.1543,4043.199,9425.359,3373.371,7119.101,5550.52,5182.291,5736.3105,5605.6953,1916.369,4257.86,2742.6394,5321.761,4566.191,1157.3661,4005.3684,2802.4556,2432.5432,2711.6614,5222.4487,4083.6094,6412.383,4215.5273,1346.2096,3455.048,4156.463,5194.187,4213.6675,6411.3022,4170.5576,6900.752,1478.0134,7242.847,6036.689,6897.481,4302.8857,3274.9167,4969.1846,7053.37,4710.23,7042.57,3636.78,6681.74,6275.13,5883.14,5748.81,6157.83,5064.6,10394.32,3874.07,7216.55,5587.86,4941.58,6242.4,6826.66,2283.63,4918.27,3516.71,5263.13,5553.0684,2717.61,4467.68,4419.1523,2303.9924,5427.11,5803.0103,4255.01,6291.85,6203.986,1987.258,6293.04,5277.84,6767.0,5124.77,6149.35,6695.43,6885.07,693.6401,7189.47,5931.93,6774.19,3687.32,6339.45,6009.94
48,6912.0513,4447.8643,7066.1562,2619.196,6559.5273,4046.057,3733.0544,4476.1704,4538.266,4067.7292,9433.013,3378.1736,7147.1553,5561.224,5201.5195,5750.132,5622.7275,1934.1832,4282.444,2763.9807,5347.8843,4584.628,1170.9983,4013.3274,2819.1624,2443.6062,2716.4949,5231.637,4091.4692,6430.543,4233.577,1368.8203,3465.0083,4185.187,5243.1333,4239.3433,6451.4155,4187.349,6930.996,1497.0701,7272.5063,6050.2603,6919.1113,4314.7,3314.7874,5044.5713,7123.78,4690.6,7094.7603,3659.09,6694.02,6242.29,5936.93,5742.91,6238.09,5130.2397,10394.32,3874.07,7247.04,5674.91,4955.0503,6228.67,6841.5366,2300.41,4978.08,3476.25,5310.46,5542.383,2717.61,4467.68,4504.765,2311.055,5468.72,5805.23,4277.0503,6291.66,6200.024,1999.412,6349.7,5290.27,6739.5435,5141.9834,6149.93,6696.42,6893.2534,703.57,7259.64,5975.59,6773.9136,3723.83,6595.65,6178.49
49,6922.4976,4442.6943,7065.253,2636.1628,6555.132,4057.0046,3737.877,4510.101,4545.245,4075.575,9447.733,3366.5017,7142.6455,5578.655,5191.4736,5763.567,5620.3535,1936.8955,4266.266,2775.8584,5346.3438,4571.393,1175.0319,4015.0796,2804.1748,2439.6448,2712.8794,5238.3823,4068.58,6436.0234,4226.162,1387.4169,3434.36,4207.0137,5240.1655,4239.3774,6464.1694,4183.5864,6945.9136,1497.6207,7262.5337,6078.795,6926.9644,4317.7847,3298.778,5113.302,7164.57,4771.32,7163.2397,3706.08,6705.97,6226.4,5961.16,5769.8,6303.38,5145.4697,10394.32,3874.07,7322.69,5684.25,4968.5703,6213.45,6856.4136,2317.19,5037.89,3435.79,5357.79,5531.6973,2717.61,4467.68,4590.3774,2318.1174,5510.33,5807.45,4271.23,6237.92,6196.062,2011.566,6402.67,5369.37,6712.087,5159.197,6128.8003,6695.05,6901.4365,713.5,7334.72,6008.25,6773.6367,3760.34,6518.3667,5862.5103
50,6916.807,4449.75,7073.054,2656.0486,6538.8247,4055.008,3701.6763,4522.452,4517.691,4091.965,9447.164,3365.0923,7144.3843,5594.0996,5156.634,5768.0825,5627.8525,1934.8195,4248.52,2762.4128,5340.978,4560.712,1160.9977,4010.0942,2782.1326,2436.1086,2717.4028,5237.568,4050.197,6438.0327,4206.7295,1391.3602,3408.2654,4219.928,5222.5,4226.744,6459.4097,4177.7944,6932.8545,1506.8976,7262.2705,6093.1807,6919.7773,4316.758,3296.9329,5000.839,7162.64,4867.12,7137.36,3770.59,6644.04,6301.65,5988.17,5783.04,6354.2544,5172.0713,10394.32,3874.07,7291.8,5882.02,5076.75,6085.0103,6871.29,2333.97,5097.7,3395.33,5405.12,5521.011,2717.61,4467.68,4675.99,2325.18,5552.24,5735.84,4485.13,6013.71,6192.1,2023.72,6382.37,5441.26,6684.63,5176.41,6099.5303,6733.02,6909.62,723.43005,7304.93,6253.7197,6773.36,3796.85,6441.0835,5546.5303
51,6845.133,4421.961,7033.1533,2664.2112,6453.3413,4038.0312,3615.1018,4555.899,4438.9346,4063.2363,9467.1875,3319.62,7079.075,5649.322,5027.3535,5760.748,5609.1416,1904.3806,4114.595,2716.5757,5291.501,4445.5054,1113.9026,3987.1409,2667.7986,2403.4407,2693.5532,5219.1,3958.2637,6418.664,4108.84,1393.8053,3283.91,4204.181,5084.905,4146.1445,6403.145,4117.6787,6868.9126,1482.2769,7166.265,6183.878,6880.536,4301.92,3218.4163,4830.8486,7189.6,4919.95,7177.7803,3838.28,6629.22,6301.69,5993.24,5774.26,6405.1284,5198.673,10394.32,3874.07,7335.2,5905.78,5096.46,6108.63,6892.68,2366.09,5113.34,3431.35,5452.45,5510.3257,2717.61,4467.68,4737.06,2428.86,5564.19,5739.65,4514.37,5989.44,6179.89,2034.36,6387.6,5452.63,6674.59,5187.19,6097.91,6724.71,6935.47,708.99005,7329.48,6311.55,6787.35,3871.57,6363.8,5230.55
52,6842.427,4421.2446,7036.81,2682.0972,6441.2993,4039.8425,3594.8965,4572.4976,4424.198,4073.963,9476.272,3310.1455,7092.57,5671.4224,5009.3975,5767.54,5627.0615,1904.9791,4090.6687,2708.3547,5289.2188,4422.053,1100.7534,3980.9648,2642.481,2400.3892,2696.7742,5217.065,3933.158,6418.832,4088.2168,1404.2069,3252.1665,4213.82,5058.952,4138.134,6392.4014,4107.77,6854.894,1483.4825,7155.267,6202.9355,6876.7993,4297.772,3217.7405,4727.901,7242.73,4941.555,7217.725,3878.92,6634.63,6305.3804,6001.08,5755.03,6456.003,5225.2744,10394.32,3874.07,7387.74,5946.82,5108.8203,6146.29,6966.55,2337.21,5126.56,3447.72,5499.78,5499.64,2717.61,4467.68,4765.5,2417.38,5569.2,5745.33,4533.065,5974.055,6176.8,2035.09,6391.67,5593.56,6654.2397,5171.19,6102.59,6733.96,6974.04,685.6,7368.02,6329.91,6802.32,3955.38,6412.8276,5344.6562
53,6863.6416,4419.1567,7045.74,2691.1638,6454.589,4049.1753,3610.5332,4602.7026,4446.449,4084.0833,9489.375,3303.7336,7098.266,5688.8267,5016.4316,5781.7334,5647.541,1907.4442,4090.212,2721.6143,5298.5317,4418.316,1109.6179,3985.2522,2652.882,2396.4236,2700.0486,5220.2725,3925.4595,6422.464,4101.0527,1416.6338,3243.6697,4232.7163,5072.431,4148.1875,6406.1553,4108.614,6879.011,1485.765,7160.5405,6221.648,6896.443,4294.994,3226.1218,4779.004,7295.86,4963.16,7257.67,3919.56,6635.64,6319.5503,5994.95,5731.33,6506.877,5251.876,10394.32,3874.07,7427.3,5975.81,5114.41,6153.1,6997.98,2406.61,5134.1,3459.65,5462.1,5452.1353,2717.61,4467.68,4815.21,2570.21,5561.63,5709.55,4551.7603,5958.67,6167.34,2034.24,6395.9,5603.04,6629.77,5146.16,6109.14,6726.05,6993.88,709.4,7398.5303,6344.91,6830.25,3958.96,6461.855,5458.7627
54,6864.905,4412.4033,7043.2495,2704.014,6440.5396,4067.8784,3633.8733,4638.959,4450.21,4082.9844,9496.3125,3296.4548,7100.2637,5704.6094,5009.7085,5788.1987,5645.747,1922.5449,4068.3506,2739.6958,5327.1387,4389.2197,1118.6743,3983.3123,2643.2717,2415.8333,2680.694,5217.3438,3906.366,6417.88,4084.8423,1438.8113,3222.234,4265.6455,5054.7573,4144.0684,6413.25,4113.8325,6878.9995,1491.4231,7151.6255,6237.875,6898.325,4282.0977,3198.6506,4853.811,7332.89,5002.22,7282.9,3921.6301,6641.93,6272.75,6000.87,5719.79,6557.7515,5278.477,10394.32,3874.07,7451.5,5978.63,5108.14,6157.46,7033.8936,2425.0435,5133.4,3447.85,5424.42,5404.63,2717.61,4467.68,4823.57,2615.1,5540.404,5657.786,4550.4,5883.3,6131.97,2032.46,6408.29,5709.8,6601.11,5110.21,6117.09,6655.22,7016.44,709.77997,7410.74,6378.99,6836.03,3947.84,6510.8823,5572.8687
55,6860.583,4400.042,7037.0884,2702.517,6417.612,4074.7925,3641.4297,4657.1514,4442.613,4068.0261,9496.803,3290.018,7085.0723,5708.7896,4985.718,5787.494,5641.9424,1926.3932,4039.8206,2744.2239,5335.8076,4352.4165,1119.0974,3979.0168,2631.9385,2417.9702,2665.991,5207.856,3889.367,6406.63,4073.8196,1445.7494,3198.1575,4279.1636,5025.275,4122.855,6407.4097,4107.3813,6876.806,1493.9694,7134.33,6257.1143,6893.1045,4265.685,3160.3938,4900.577,7386.8267,5013.953,7325.48,3938.8,6650.22,6264.56,6006.39,5708.11,6608.6255,5305.0786,10394.32,3874.07,7493.04,6000.02,5118.1,6195.73,7069.8066,2443.4766,5144.0,3460.17,5432.19,5416.155,2717.61,4467.68,4857.05,2746.65,5519.178,5606.022,4572.62,5847.83,6100.23,2048.6301,6434.96,5752.86,6557.88,5121.4,6127.13,6657.13,7044.53,733.67004,7407.31,6461.67,6824.82,4049.26,6559.91,5686.975
56,6870.105,4387.813,7036.927,2705.2417,6411.802,4095.5608,3666.7737,4694.9116,4459.2134,4062.4712,9512.822,3278.4873,7084.0366,5731.369,4985.5776,5794.353,5656.4883,1934.5016,4014.9841,2756.5864,5355.3916,4318.4907,1127.4512,3977.9045,2623.779,2423.9622,2655.98,5203.7847,3869.7239,6403.493,4060.9746,1464.977,3181.2104,4305.3887,5017.4043,4117.6006,6411.2793,4104.055,6886.127,1495.7432,7120.084,6285.03,6905.988,4254.9062,3148.339,4966.6855,7440.763,5025.6865,7337.94,3960.17,6673.2,6241.81,6007.09,5697.92,6659.5,5331.6797,10394.32,3874.07,7542.31,6008.26,5129.87,6208.47,7105.72,2461.91,5154.22,3454.18,5439.96,5427.68,2717.61,4467.68,4884.52,2845.12,5497.952,5554.258,4612.29,5819.7,6099.73,2065.03,6481.0,5789.55,6537.92,5106.78,6146.48,6558.86,7064.62,805.0,7414.2803,6457.0,6854.0,4082.25,6608.9375,5801.081
57,6882.245,4381.523,7045.2646,2709.6946,6412.2524,4109.197,3697.8184,4721.1943,4471.5835,4063.6338,9519.926,3275.4565,7091.8906,5744.7695,4992.281,5800.411,5671.907,1941.8522,4007.31,2774.5957,5376.903,4303.1035,1137.8007,3978.8904,2630.694,2436.9062,2651.1213,5200.471,3858.5535,6398.0283,4058.0564,1480.2413,3174.031,4335.788,5017.5273,4120.42,6416.809,4104.672,6896.6704,1505.1792,7119.332,6292.7334,6917.0366,4241.129,3138.4553,5018.9634,7494.7,5037.42,7341.1,3951.85,6692.11,6223.35,6010.09,5707.08,6682.68,5336.57,10394.32,3874.07,7564.87,6010.32,5127.1,6215.62,7123.22,2471.7,5164.44,3448.19,5447.73,5439.205,2717.61,4467.68,4906.73,2998.23,5476.726,5502.494,4640.02,5818.17,6078.73,2061.58,6527.04,5826.24,6489.42,5103.21,6152.73,6519.76,7087.87,798.39996,7406.77,6475.42,6881.09,4208.5,6657.965,5915.1875
58,6884.1875,4368.6455,7039.353,2706.9727,6399.954,4127.898,3725.7334,4745.3535,4481.1816,4054.079,9530.657,3267.3215,7086.625,5760.531,4993.8105,5802.801,5678.661,1946.0165,3983.3396,2783.4612,5389.9507,4273.1514,1144.1573,3976.7524,2620.4824,2448.1936,2641.2341,5196.032,3843.1326,6391.719,4032.9321,1491.7316,3156.7668,4358.49,5000.747,4112.833,6410.1636,4100.645,6900.3013,1508.3945,7102.72,6307.2314,6920.8906,4230.1655,3122.9504,5068.138,7556.45,4985.18,7358.08,3949.78,6702.02,6207.61,6006.33,5695.11,6694.6,5317.89,10394.32,3874.07,7618.32,5956.63,5122.17,6256.76,7157.22,2455.02,5164.24,3432.65,5455.5,5450.73,2717.61,4467.68,4895.73,3007.19,5455.5,5450.73,4653.58,5795.0,6027.37,2074.11,6557.49,5837.33,6464.43,5087.18,6160.62,6450.03,7108.79,821.56,7395.38,6497.3,6911.99,4207.64,6706.9927,6029.294
59,6888.379,4358.072,7035.735,2701.439,6399.105,4141.196,3746.695,4758.4976,4488.915,4051.4001,9535.175,3265.5352,7066.8335,5764.349,4994.911,5804.685,5682.588,1950.9161,3976.9016,2795.0405,5394.9224,4259.9717,1153.3413,3976.8674,2627.3284,2449.2302,2638.5615,5193.718,3836.8796,6383.1206,4027.0168,1494.7225,3145.1338,4374.66,4999.2407,4108.792,6399.0537,4098.585,6912.7603,1511.5244,7090.485,6316.745,6927.08,4224.72,3104.2683,5134.6265,7618.2,4932.94,7402.91,3845.64,6721.25,6163.0,5955.64,5663.65,6721.23,5251.05,10394.32,3874.07,7671.77,5902.94,5009.3403,6324.56,7189.55,2347.31,5084.26,3367.75,5102.7397,5180.92,2717.61,4467.68,4832.32,3089.74,5364.9,5478.64,4561.63,5858.76,5977.75,2049.56,6599.97,5875.86,6411.55,5027.53,6150.14,6417.13,7122.59,791.47003,7425.81,6442.95,6969.7,4221.07,6756.02,6143.4
60,6881.471,4334.8203,7009.077,2687.0479,6376.3574,4160.2734,3775.6338,4768.1626,4480.83,4031.3376,9529.456,3266.4102,7038.8423,5748.1357,4995.7017,5807.2354,5659.327,1944.3086,3930.4807,2808.6995,5389.004,4213.793,1158.3938,3967.4595,2612.3496,2471.1992,2606.9727,5193.361,3824.53,6364.7593,3992.9668,1496.3301,3111.0312,4407.444,4960.997,4078.0022,6380.397,4090.9995,6910.7617,1525.922,7057.302,6310.298,6917.551,4209.1777,3017.1047,5222.7183,7679.95,4880.7,7397.17,3842.28,6740.44,6086.08,5948.45,5668.73,6731.42,5247.09,10394.32,3874.07,7679.82,5901.13,4995.4,6327.3,7201.66,2333.31,5083.98,3366.43,5054.44,5147.86,2717.61,4467.68,4841.41,3154.6301,5328.16,5425.8,4595.02,5876.93,5951.45,2073.57,6665.78,5905.51,6373.16,5015.23,6154.27,6360.72,7142.54,817.53,7410.07,6441.29,7024.68,4232.6,6849.19,6040.15
61,6873.7314,4318.687,6991.786,2684.0132,6351.803,4164.732,3763.099,4771.8003,4463.3696,4024.7703,9528.971,3259.4204,7018.6685,5752.1147,4971.1484,5810.046,5656.09,1937.7886,3896.6238,2802.8225,5372.145,4179.4917,1151.363,3959.3147,2583.9954,2466.9268,2598.083,5190.8613,3798.1904,6354.0254,3956.1072,1493.7802,3073.9497,4421.228,4921.5435,4058.9302,6349.8325,4079.3127,6898.443,1527.1459,7029.5386,6318.355,6906.23,4199.349,2990.2698,5176.703,7709.3765,4912.6865,7408.41,3824.42,6797.55,6053.54,5953.45,5671.37,6768.19,5237.54,10394.32,3874.07,7721.18,5903.7603,4984.77,6372.52,7227.49,2290.12,5078.78,3327.6,4994.2,5090.69,2717.61,4467.68,4849.33,3218.1,5278.23,5346.63,4645.65,5895.38,5916.47,2066.51,6728.09,5881.61,6325.89,5006.75,6177.41,6309.08,7152.52,829.37006,7394.33,6439.63,7087.7,4309.2,6942.36,5936.9
62,6876.2593,4310.0596,6987.298,2683.3682,6341.619,4172.6465,3761.0906,4781.747,4456.9014,4024.101,9532.932,3258.0864,7011.1914,5759.4463,4958.4985,5812.9497,5663.847,1931.7123,3879.259,2801.0461,5367.584,4157.528,1149.3654,3955.316,2572.0137,2466.6965,2597.9082,5185.605,3787.5613,6348.5327,3937.2605,1496.1151,3057.2761,4438.199,4907.445,4049.7615,6342.77,4071.9932,6900.8657,1536.2245,7018.389,6327.5337,6906.3096,4191.359,2987.8528,5162.5796,7738.803,4944.6733,7420.31,3864.0,6807.42,6010.0103,5973.87,5662.77,6790.52,5243.85,10394.32,3874.07,7725.7,5867.67,5036.6104,6337.14,7258.04,2370.1,5118.28,3375.47,4999.64,5032.9897,2717.61,4467.68,4905.55,3368.5,5300.03,5321.62,4730.08,5882.68,5931.84,2151.26,6732.625,5907.1973,6315.4,4998.68,6206.63,6223.09,7185.34,933.33,7374.69,6361.42,7150.72,4385.8,7092.7,5734.5
63,6867.7725,4302.5347,6974.0156,2692.7117,6316.7065,4179.004,3759.3215,4782.3794,4433.652,4025.9924,9522.846,3258.266,7015.116,5756.209,4933.527,5815.632,5661.3496,1938.2891,3841.6765,2794.8647,5368.081,4121.046,1138.5104,3944.312,2534.0881,2478.7969,2582.872,5185.2686,3761.2454,6341.048,3883.774,1500.0216,3019.046,4466.164,4868.945,4034.815,6316.485,4072.2974,6873.3774,1549.332,6998.029,6324.352,6891.5083,4179.648,2981.078,5074.71,7768.23,4976.66,7341.64,3961.08,6764.87,6022.785,5951.74,5680.54,6741.08,5309.4,10394.32,3874.07,7655.46,6006.14,5063.79,6283.77,7206.52,2385.94,5142.92,3314.93,5005.08,4975.29,2717.61,4467.68,4971.81,3362.71,5294.36,5304.23,4818.8,5809.1,5883.79,2151.59,6737.16,5932.7847,6236.0103,5028.8,6190.29,6218.61,7135.82,941.77,7287.68,6462.67,7189.3843,4457.516,7163.06,5653.43
64,6853.1973,4278.7954,6961.792,2687.3528,6280.186,4184.2427,3742.2246,4796.429,4414.152,4009.9287,9537.259,3239.2163,6978.5474,5785.54,4889.753,5803.769,5672.509,1934.8234,3801.4292,2761.4456,5353.452,4066.8457,1123.186,3936.384,2496.732,2453.655,2597.4592,5163.138,3739.2922,6326.9775,3844.85,1495.9462,2977.3035,4455.836,4819.8667,3999.1277,6278.4336,4055.7546,6861.9697,1536.3998,6962.6245,6370.852,6884.914,4167.782,2982.678,5011.388,7743.34,4978.36,7335.98,3920.74,6722.32,6035.56,5926.42,5668.92,6741.48,5304.8896,10394.32,3874.07,7673.06,6054.0,5029.2,6299.18,7209.68,2320.13,5141.25,3258.74,4958.03,4911.44,2717.61,4467.68,4977.32,3243.32,5241.51,5199.0,4815.36,5794.4,5870.51,2094.27,6741.695,5958.3726,6204.68,4976.3,6178.59,6142.26,7127.52,962.76,7278.18,6505.75,7228.048,4529.232,7282.4,5534.03
65,6856.4565,4267.879,6957.222,2678.0112,6266.39,4179.24,3707.4255,4795.5996,4404.7188,4008.8909,9545.969,3231.3433,6950.327,5797.61,4863.5522,5799.3022,5692.63,1921.6277,3793.0698,2739.5103,5321.1606,4050.3862,1110.7524,3934.1626,2486.6787,2416.0103,2622.423,5151.0,3732.7651,6320.1855,3845.7732,1482.3082,2953.5605,4443.234,4800.761,3983.4243,6254.8364,4038.7507,6875.0117,1532.533,6948.892,6399.6445,6884.8247,4166.335,2987.9182,4961.181,7731.13,4958.62,7348.55,3927.81,6746.23,5983.96,5926.8,5648.37,6777.69,5275.6997,10394.32,3874.07,7687.95,6041.69,5040.22,6287.04,7217.99,2317.8,5139.58,3202.55,4932.1,4834.41,2717.61,4467.68,5028.22,3290.71,5245.75,5134.67,4853.94,5798.45,5872.51,2130.22,6746.23,5983.96,6178.47,4932.92,6193.78,6103.39,7131.01,1018.92004,7278.1,6448.55,7266.712,4600.9478,7393.83,5383.34
66,6850.377,4254.701,6939.4434,2676.9111,6240.46,4181.8403,3689.9646,4791.933,4380.3,4004.0925,9540.969,3231.2126,6931.7485,5789.9077,4832.4805,5795.262,5684.453,1915.3572,3757.9805,2720.7622,5302.784,4013.4326,1097.3108,3922.82,2453.0276,2410.0405,2620.4768,5144.8813,3715.3665,6309.5425,3803.2969,1475.7738,2916.9492,4454.6396,4758.5864,3956.6157,6226.8506,4030.1475,6862.191,1542.2836,6923.372,6406.634,6873.242,4158.2397,2969.409,4897.363,7689.4,4977.27,7344.85,3925.95,6739.62,5979.4,5915.32,5647.75,6788.66,5265.27,10394.32,3874.07,7697.36,6041.07,5036.7397,6300.47,7215.62,2273.26,5136.7397,3173.77,4907.21,4784.54,2717.61,4467.68,5031.87,3299.1602,5239.64,5090.86,4881.16,5808.15,5851.95,2116.78,6739.62,5979.4,6138.04,4930.03,6198.52,6033.07,7117.07,1036.11,7266.19,6460.92,7305.376,4672.664,7479.69,5256.64
67,6852.8203,4248.2417,6936.018,2674.6626,6231.3643,4182.5566,3675.9739,4794.766,4372.1143,4004.203,9546.703,3229.2603,6917.989,5794.994,4816.2607,5791.516,5695.116,1906.256,3745.754,2704.9917,5284.516,3993.7678,1088.1328,3918.0544,2438.624,2395.004,2633.6445,5137.6655,3711.3806,6304.488,3789.2617,1470.5016,2898.9673,4454.5664,4738.719,3945.7834,6209.9517,4019.7734,6868.107,1547.472,6910.1997,6421.494,6874.013,4153.2197,2977.903,4847.187,7604.01,4981.505,7296.05,3894.76,6625.3403,5929.46,5896.75,5663.57,6800.1,5250.73,10394.32,3874.07,7674.48,6060.32,5045.24,6335.61,7171.25,2186.57,5131.67,3070.15,4885.58,4781.05,2717.61,4467.68,5057.19,3227.69,5251.04,5036.58,4924.93,5855.48,5817.34,2074.84,6697.08,6010.55,6091.43,4883.48,6185.44,6015.44,7055.4897,1038.39,7221.64,6478.27,7344.04,4744.38,7371.155,5062.925
68,6858.815,4243.4277,6930.0967,2669.388,6219.659,4166.6304,3619.7866,4785.171,4352.689,4009.684,9549.372,3228.5535,6898.516,5797.643,4784.8423,5787.6353,5707.6357,1885.1259,3744.2454,2673.1848,5241.437,3988.5981,1068.8213,3913.529,2427.4683,2357.3342,2667.9473,5131.152,3712.6155,6302.1733,3785.238,1452.28,2879.856,4440.487,4713.368,3928.969,6183.8726,4004.1174,6881.592,1550.0233,6899.7515,6435.44,6873.973,4151.68,2971.8586,4743.1797,7518.62,4985.74,7301.8,3898.75,6608.45,5890.7397,5902.84,5657.34,6836.71,5201.98,10394.32,3874.07,7696.36,6036.76,5056.88,6342.2397,7184.34,2155.72,5140.33,3047.67,4878.63,4749.79,2717.61,4467.68,5086.76,3244.46,5259.17,4976.11,4952.86,5854.31,5814.66,2082.17,6702.48,5919.37,6078.94,4845.99,6201.46,5931.26,7061.78,1029.12,7238.67,6421.81,7384.29,4848.98,7262.62,4869.21
69,6855.14,4236.128,6919.082,2666.6611,6202.2417,4157.258,3593.7822,4775.589,4335.354,4003.5488,9548.03,3227.621,6888.363,5793.607,4755.596,5783.9204,5703.5454,1874.5667,3723.2634,2652.7605,5220.666,3971.6492,1057.2737,3906.0166,2410.2676,2346.212,2676.7727,5126.412,3704.439,6296.4907,3757.5144,1442.2036,2865.0454,4431.931,4679.714,3912.8801,6158.1577,3993.6982,6875.1143,1553.3354,6884.264,6436.025,6865.251,4146.243,2967.341,4663.084,7511.89,4953.78,7312.93,3899.53,6577.42,5824.84,5889.73,5666.41,6854.78,5215.07,10394.32,3874.07,7701.49,6041.41,5052.76,6346.11,7203.78,2112.8,5140.85,2980.16,4871.51,4738.2397,2717.61,4467.68,5098.91,3243.16,5256.44,4952.84,4953.2803,5847.88,5807.82,2049.03,6678.78,5925.6,6053.23,4855.75,6191.77,5924.71,7066.23,1142.46,7234.11,6435.6,7414.85,4912.53,6971.07,4644.97
70,6862.0825,4228.1855,6923.155,2663.287,6196.841,4148.682,3569.4094,4773.99,4321.764,4003.1797,9547.764,3226.9973,6879.802,5796.9727,4727.4165,5780.9526,5713.8853,1858.8053,3709.9949,2626.2207,5196.5903,3952.8496,1042.2196,3898.7832,2398.5872,2329.4724,2697.8198,5117.505,3703.6023,6287.7026,3735.6782,1429.4292,2855.5127,4425.628,4649.642,3892.1917,6136.252,3986.1797,6883.0864,1563.275,6875.4907,6439.155,6867.5503,4135.278,2967.027,4558.221,7509.05,4922.82,7322.45,3905.43,6552.7803,5783.1,5881.7603,5656.4897,6865.54,5165.57,10394.32,3874.07,7724.08,6028.63,5066.92,6346.4,7194.41,2134.2,5142.82,2973.83,4872.19,4713.02,2717.61,4467.68,5112.24,3212.72,5263.93,4896.23,4964.96,5866.29,5794.35,2058.66,6676.09,5836.43,6035.28,4829.97,6200.73,5879.56,7053.1997,1154.68,7247.12,6400.02,7429.76,4929.9697,6664.85,4480.59
71,6855.3623,4223.1567,6910.598,2660.2527,6180.0327,4136.3774,3538.6887,4762.294,4301.0356,3997.02,9543.513,3222.6616,6871.348,5791.6377,4696.3555,5779.305,5710.833,1851.8756,3692.6636,2604.616,5183.5156,3938.9475,1030.016,3891.5151,2384.4365,2318.6309,2708.9553,5113.147,3696.737,6282.182,3714.1167,1422.5356,2840.1812,4414.91,4617.194,3872.8281,6110.535,3983.7722,6867.0376,1559.9923,6863.146,6436.3115,6856.9053,4130.6997,2935.301,4471.915,7499.16,4944.64,7330.69,3924.07,6534.5503,5726.41,5873.39,5650.94,6878.76,5136.68,10394.32,3874.07,7735.39,6053.94,5080.38,6357.35,7203.99,2106.78,5165.7,2933.32,4872.85,4698.44,2717.61,4467.68,5130.51,3223.41,5273.08,4915.58,4974.1,5869.87,5791.9,2042.31,6667.09,5827.57,6029.36,4776.76,6210.04,5822.91,7049.09,1244.1,7249.59,6395.2,7441.54,4936.38,6367.88,4414.21
72,6869.494,4224.558,6931.466,2662.2842,6186.373,4131.669,3536.4583,4770.26,4301.252,3996.4275,9542.781,3224.5132,6882.7188,5799.865,4686.228,5779.639,5727.9897,1839.4596,3695.57,2595.9824,5186.715,3937.1443,1028.0754,3891.2373,2397.446,2317.8167,2730.6436,5104.8584,3704.675,6279.448,3714.9053,1423.6454,2850.1465,4415.029,4612.391,3865.9277,6114.577,3985.43,6883.085,1576.0802,6874.463,6432.3066,6866.473,4118.611,2936.9597,4439.39,7505.9224,4927.7026,7331.14,3928.21,6518.66,5707.41,5861.72,5632.2397,6871.65,5101.4,10394.32,3874.07,7748.79,6021.59,5094.86,6354.4897,7197.52,2072.75,5180.27,2931.56,4871.57,4671.88,2717.61,4467.68,5144.44,3232.27,5240.79,4869.25,4978.55,5865.01,5781.39,2044.6,6647.88,5736.39,6015.04,4781.89,6204.02,5774.61,7030.87,1312.74,7251.31,6393.27,7447.5103,4937.0,6070.525,4474.675
73,6862.3726,4216.968,6922.8794,2654.9976,6170.665,4135.616,3538.829,4772.036,4294.1587,3980.8733,9539.545,3222.4934,6868.259,5797.0635,4671.7197,5774.0767,5724.1504,1836.7229,3676.3608,2591.939,5191.8345,3913.6895,1029.1451,3886.1926,2393.1187,2323.49,2724.5605,5098.8774,3696.7378,6271.7544,3693.65,1424.4534,2843.7178,4415.0146,4590.5854,3849.249,6101.728,3983.9666,6875.6113,1581.2185,6860.644,6431.787,6857.2993,4110.2646,2916.8274,4472.416,7512.685,4910.765,7378.71,3960.44,6511.85,5572.63,5854.6,5598.91,6890.23,5053.63,10394.32,3874.07,7785.79,5985.61,5106.33,6307.68,7256.2,2135.73,5192.2,2973.59,4874.16,4681.44,2717.61,4467.68,5153.77,3279.6702,5207.48,4875.69,4966.2,5822.37,5799.64,2125.36,6639.47,5678.56,6029.58,4757.88,6214.93,5702.5,7090.8,1466.6,7284.3,6317.44,7495.52,4956.6,5773.17,4535.14
74,6862.615,4212.287,6922.1934,2655.3313,6158.7974,4135.746,3547.938,4765.4604,4286.511,3970.401,9527.559,3223.5833,6873.965,5787.9414,4648.9165,5772.286,5717.8193,1834.7509,3658.8208,2591.016,5205.7983,3900.2417,1029.5177,3880.4856,2392.308,2338.8435,2714.9111,5097.5474,3683.0005,6264.9097,3660.2908,1425.9987,2840.3896,4423.568,4561.4116,3834.0938,6092.488,3987.8381,6865.5073,1597.9972,6861.137,6414.262,6847.803,4100.5938,2904.1458,4469.4043,7519.4478,4893.8276,7391.61,3940.25,6475.77,5534.59,5838.37,5575.97,6868.98,5018.82,10394.32,3874.07,7790.4497,5948.07,5105.72,6290.83,7260.73,2109.54,5185.96,2944.44,4868.39,4670.11,2717.61,4467.68,5150.69,3275.59,5208.22,4842.55,4954.27,5781.8,5785.04,2093.36,6607.51,5608.69,6011.27,4689.1,6201.6,5649.23,7102.83,1475.67,7273.58,6298.48,7486.96,4932.9497,5529.04,4645.53
75,6852.284,4204.723,6912.5674,2645.6965,6135.895,4140.2275,3552.792,4763.3228,4276.072,3950.359,9519.665,3223.6526,6853.511,5780.8657,4633.08,5762.712,5706.4146,1832.6816,3642.1604,2588.427,5215.9395,3877.0269,1032.7598,3876.407,2389.4565,2347.7175,2702.5605,5090.5645,3678.3125,6255.2725,3642.1946,1424.4967,2838.6792,4421.364,4536.879,3811.4438,6082.612,3990.4963,6856.4434,1606.0045,6848.061,6412.594,6832.623,4091.902,2877.0505,4541.8447,7526.21,4876.89,7368.81,3932.8901,6454.66,5482.0103,5839.03,5576.11,6837.55,4972.79,10394.32,3874.07,7791.44,5906.64,5123.85,6308.63,7233.42,2108.34,5175.17,2975.03,4875.22,4700.7,2717.61,4467.68,5133.97,3269.3699,5233.54,4839.95,4974.45,5803.27,5755.08,2116.02,6575.86,5599.0503,5989.5303,4666.0,6202.4,5619.1,7074.93,1497.77,7266.89,6292.8,7476.762,4913.088,5332.95,4868.41
76,6854.2866,4201.954,6905.059,2639.7363,6125.313,4145.466,3560.8774,4767.9414,4275.196,3941.95,9515.586,3223.429,6839.6094,5776.064,4635.045,5763.619,5701.4756,1837.2206,3640.8264,2598.211,5230.5405,3873.6912,1042.7711,3877.7842,2395.5808,2354.3823,2693.5369,5093.9004,3675.215,6252.372,3643.4614,1430.5938,2838.9585,4431.1104,4538.052,3805.4238,6072.0396,3996.7002,6855.4697,1609.5508,6843.3105,6407.6133,6823.855,4089.9583,2849.3943,4636.908,7528.38,4868.37,7362.12,3938.95,6438.8003,5420.87,5832.41,5563.4897,6806.12,4926.7603,10394.32,3874.07,7818.01,5821.53,5141.74,6300.4,7239.25,2095.5933,5170.58,2994.09,4881.02,4702.94,2717.61,4467.68,5138.99,3287.96,5242.22,4849.14,4985.46,5783.14,5744.8,2139.3,6553.01,5582.7803,5988.14,4667.22,6194.25,5599.17,7091.2397,1568.09,7271.66,6273.39,7466.5645,4893.2256,5339.64,4958.44
77,6851.4585,4200.0513,6899.2046,2634.9907,6113.9336,4148.7905,3570.0864,4761.903,4270.1,3932.4126,9506.12,3229.645,6830.9985,5763.714,4625.7983,5758.12,5690.2573,1837.6996,3630.951,2598.6687,5238.7515,3862.9912,1046.2288,3873.5627,2392.6692,2367.271,2680.687,5094.775,3670.675,6246.3013,3621.1917,1429.0398,2840.4224,4435.4043,4527.121,3792.7031,6064.5063,3997.589,6849.0664,1623.2358,6836.036,6398.43,6812.747,4085.049,2841.223,4689.591,7581.12,4741.27,7415.24,3820.27,6473.73,5327.26,5867.57,5545.71,6774.69,4880.73,10394.32,3874.07,7844.58,5736.42,5168.86,6352.94,7245.08,2082.8467,5167.34,3029.76,4875.52,4759.88,2717.61,4467.68,5131.34,3323.68,5251.57,4905.59,5004.19,5814.84,5747.41,2168.54,6544.222,5574.56,5995.81,4612.0,6237.2,5531.77,7132.35,1525.83,7347.87,6161.88,7456.3667,4873.3633,5391.98,4907.55
78,6845.7886,4192.4536,6881.3247,2633.356,6111.0376,4148.2324,3577.5508,4752.2217,4263.096,3935.2341,9489.4,3231.3057,6830.3936,5743.3086,4630.8306,5773.8,5681.276,1842.6132,3629.7856,2623.0745,5244.024,3873.659,1055.6462,3873.4265,2384.3235,2383.626,2654.502,5116.8086,3655.01,6243.0894,3613.972,1434.381,2833.8428,4458.3896,4520.2593,3798.977,6040.7993,4004.788,6826.3457,1619.8004,6830.77,6362.1914,6800.5444,4088.0505,2789.4182,4720.0967,7564.36,4754.28,7405.21,3837.29,6460.45,5306.59,5869.62,5560.93,6743.26,4834.7,10394.32,3874.07,7811.56,5724.5674,5202.41,6362.08,7250.91,2070.1,5170.59,3068.95,4884.62,4779.75,2717.61,4467.68,5129.26,3336.83,5296.51,4904.23,5022.13,5826.93,5739.69,2166.5,6535.434,5566.3403,5981.62,4611.93,6229.23,5520.41,7128.4897,1536.71,7345.56,6183.5,7446.169,4853.501,5445.66,4936.29
79,6852.481,4195.776,6888.947,2633.175,6110.9155,4144.774,3578.4626,4755.386,4268.148,3930.7244,9489.281,3231.3892,6834.3354,5747.0625,4627.4487,5771.852,5687.405,1839.6947,3630.3838,2620.2793,5248.738,3875.2097,1057.3209,3874.487,2390.4094,2382.8086,2662.201,5113.6523,3659.5376,6244.276,3618.8057,1435.8872,2841.0054,4452.859,4523.6836,3796.7222,6041.7495,4003.9712,6833.4785,1623.5378,6833.118,6363.969,6802.9097,4084.8967,2802.3547,4730.791,7548.9,4749.23,7378.235,3817.855,6451.09,5300.62,5873.0103,5524.9697,6711.83,4788.67,10394.32,3874.07,7778.54,5712.715,5221.56,6331.1,7249.41,2053.37,5178.02,3046.85,4883.94,4770.8,2717.61,4467.68,5129.11,3338.7,5353.13,4900.06,5022.49,5821.8,5735.79,2160.5,6526.646,5558.12,5956.41,4594.72,6232.95,5528.3,7135.373,1526.0133,7332.89,6201.21,7435.971,4833.6387,5506.56,5028.41
80,6848.3623,4193.789,6884.541,2624.9434,6097.9136,4143.8833,3578.5122,4752.4087,4268.409,3915.152,9487.681,3232.178,6821.2964,5743.552,4619.0083,5759.8296,5679.1226,1836.5398,3617.9077,2609.1216,5248.633,3860.1006,1056.3458,3872.1355,2386.927,2381.9038,2664.2356,5106.313,3662.9626,6240.502,3612.9436,1430.7472,2842.0005,4439.11,4513.864,3779.1692,6037.7993,4001.255,6833.3022,1626.0037,6821.407,6370.907,6795.5513,4079.8242,2800.533,4770.9946,7536.86,4743.805,7351.26,3798.42,6444.65,5243.89,5839.9,5438.19,6680.4,4742.64,10394.32,3874.07,7745.52,5700.8623,5229.1997,6301.39,7244.95,2059.56,5174.37,3044.25,4868.12,4755.78,2717.61,4467.68,5126.263,3330.76,5388.83,4888.47,5012.89,5768.04,5726.5,2160.39,6517.858,5549.9,5936.74,4554.79,6229.56,5512.63,7142.2563,1515.3167,7325.14,6186.69,7425.7734,4813.777,5537.62,5001.93
81,6836.636,4192.6094,6877.0034,2618.1753,6079.879,4132.493,3565.7815,4733.232,4257.4424,3897.4624,9478.514,3233.8525,6811.397,5734.0415,4597.5234,5748.4106,5665.7285,1830.9617,3603.2156,2594.7542,5239.5435,3848.384,1047.9048,3867.8562,2379.1694,2378.602,2662.8586,5101.233,3661.0562,6235.064,3601.875,1420.1028,2840.4644,4416.4204,4489.2666,3758.1985,6025.6772,3995.4204,6821.0234,1625.5259,6811.366,6367.918,6780.714,4073.9072,2788.8494,4760.6562,7524.82,4738.38,7349.52,3803.08,6444.06,5230.7,5832.91,5353.79,6623.392,4703.336,10394.32,3874.07,7712.5,5689.01,5258.84,6299.46,7251.96,2055.15,5193.22,3048.51,4881.0303,4739.8,2717.61,4467.68,5123.4165,3322.82,5461.445,4887.62,5037.99,5763.4,5751.71,2153.97,6509.07,5541.68,5924.96,4494.54,6247.4,5508.21,7149.14,1504.62,7336.89,6185.3,7415.5757,4793.9146,5591.67,5026.91
82,6838.0527,4197.247,6880.522,2616.8433,6077.4536,4126.066,3562.6318,4726.2373,4260.0376,3890.6973,9475.73,3237.4854,6812.171,5731.3555,4594.216,5741.6885,5664.4355,1827.5854,3605.857,2591.2373,5239.195,3851.485,1046.5571,3869.2043,2385.8677,2376.7322,2668.1133,5099.8643,3665.8535,6236.099,3607.0645,1415.0642,2848.4883,4403.8096,4488.4424,3751.095,6025.7285,3992.9893,6827.585,1629.2534,6814.8115,6368.1655,6778.706,4071.8518,2795.8577,4784.047,7522.7,4729.74,7340.68,3790.48,6437.41,5238.15,5839.19,5278.61,6566.384,4664.0317,10394.32,3874.07,7684.61,5713.38,5272.08,6277.72,7261.8,2036.55,5203.26,3050.83,4891.18,4733.73,2717.61,4467.68,5120.57,3314.88,5534.06,4886.77,5054.59,5749.9,5769.9697,2162.58,6510.79,5536.08,5919.86,4468.36,6254.71,5507.82,7157.43,1483.4,7334.41,6210.2,7405.378,4774.0522,5637.88,5055.54
83,6836.783,4199.364,6884.7793,2612.9827,6074.991,4121.1577,3562.3086,4725.436,4263.92,3880.8496,9478.207,3235.6506,6808.7744,5737.1313,4590.7085,5733.6533,5665.8794,1822.1399,3603.7424,2583.231,5237.2974,3848.4424,1045.0631,3870.1792,2388.0193,2371.016,2676.7852,5093.9478,3672.576,6236.608,3612.673,1410.658,2853.037,4386.528,4487.1753,3745.132,6026.058,3988.5623,6833.94,1625.9058,6812.65,6377.471,6777.3374,4068.8755,2805.9348,4792.7783,7517.09,4737.21,7321.35,3799.76,6431.33,5231.12,5837.97,5210.9697,6509.376,4624.728,10394.32,3874.07,7648.57,5737.81,5283.66,6269.53,7265.13,2057.36,5197.82,3066.93,4886.72,4729.92,2717.61,4467.68,5112.0513,3315.5828,5606.675,4885.92,5049.48,5727.73,5772.98,2178.4,6506.05,5539.27,5904.44,4476.16,6245.87,5516.91,7144.81,1512.21,7331.27,6222.01,7395.18,4754.19,5671.0,5073.65
84,6839.3247,4204.503,6893.336,2613.1902,6075.0327,4112.042,3558.392,4720.647,4264.275,3875.05,9477.39,3235.7954,6813.5234,5741.373,4584.494,5729.4805,5668.413,1818.044,3606.4607,2577.0986,5235.9927,3851.9631,1041.7753,3871.5112,2393.5728,2366.2097,2685.761,5089.8813,3678.9614,6237.6826,3618.6663,1407.276,2859.7856,4372.7373,4487.032,3741.5112,6026.7827,3985.8962,6839.725,1626.6056,6818.1655,6378.614,6776.958,4065.8022,2818.6804,4786.342,7492.14,4597.55,7314.69,3756.0,6433.04,5087.0,5863.73,5023.54,6452.368,4585.424,10394.32,3874.07,7570.75,5505.67,5343.2,6031.47,7298.29,2086.76,5175.72,3107.31,4913.54,4685.7,2717.61,4467.68,5103.5327,3316.2856,5679.29,4885.07,5103.5,5575.48,5760.85,2232.31,6512.8,5347.02,5922.91,4441.54,6257.89,5342.34,7177.85,1507.05,7298.44,5901.9897,7351.185,4675.52,5715.85,4895.025
85,6741.5293,4192.4736,6822.5547,2587.2432,6023.9395,4088.5845,3548.1814,4609.5474,4212.8174,3828.5076,9426.625,3255.8457,6775.07,5665.736,4526.3047,5686.8813,5562.817,1828.0554,3540.1594,2540.1226,5214.759,3811.8516,1008.9392,3841.2397,2345.0293,2405.6494,2629.542,5097.5225,3643.149,6203.398,3480.6135,1371.4111,2842.1611,4316.01,4383.5703,3687.9568,5947.242,3973.8801,6714.376,1625.5461,6754.4453,6305.113,6710.176,4064.1343,2707.2385,4651.649,7494.17,4602.75,7304.0,3760.38,6438.68,5094.28,5880.1,5002.35,6395.36,4546.12,10394.32,3874.07,7549.38,5498.11,5361.31,5993.92,7295.61,2095.73,5210.03,3125.31,4933.92,4695.68,2717.61,4467.68,5095.014,3316.9885,5729.64,4904.59,5125.62,5572.22,5782.01,2239.56,6512.63,5364.06,5905.68,4441.41,6272.6,5338.89,7172.21,1489.16,7291.71,5912.82,7307.19,4596.85,5760.7,4716.4
86,6726.6826,4198.9688,6829.139,2591.6133,6023.125,4073.0137,3540.299,4594.279,4202.214,3824.5105,9422.69,3256.173,6781.207,5667.778,4515.986,5678.472,5561.794,1822.3009,3536.3354,2522.5164,5207.703,3816.5469,996.77954,3837.9756,2338.9675,2402.9412,2641.7441,5092.341,3648.0881,6200.381,3476.0396,1366.7124,2843.5308,4292.2515,4364.229,3682.903,5942.749,3970.261,6696.4014,1618.2806,6755.7817,6303.0337,6705.264,4062.504,2698.6677,4545.8994,7541.86,4793.28,7345.73,3849.06,6412.91,5299.32,5850.16,5081.88,6316.2056,4517.149,10394.32,3874.07,7574.69,5813.57,5272.27,6193.43,7373.03,2112.03,5244.37,3065.68,4875.48,4720.93,2717.61,4467.68,5086.4956,3317.6914,5717.49,5067.0,5032.2,5670.98,5847.54,2182.84,6491.56,5600.31,5859.42,4481.0,6241.44,5540.71,7252.41,1462.12,7309.78,6291.93,7335.65,4730.84,5750.67,4670.63
87,6838.5034,4226.7275,6922.979,2628.1033,6089.2886,4087.9114,3542.4824,4712.9365,4267.6597,3870.593,9478.769,3234.0046,6851.1006,5762.624,4574.8833,5722.214,5699.576,1803.3616,3611.492,2545.999,5235.1406,3861.459,1020.06067,3872.4436,2396.4333,2354.0747,2712.4854,5081.0713,3700.2175,6250.7603,3637.6914,1399.5555,2879.5044,4325.8604,4473.7847,3735.586,6045.631,3981.9597,6843.0186,1618.2104,6848.5967,6395.76,6793.971,4064.3452,2860.0725,4624.0044,7544.81,4763.37,7337.98,3835.67,6409.59,5288.8,5881.38,5044.42,6237.0513,4488.1777,10394.32,3874.07,7557.74,5805.87,5306.62,6191.18,7399.67,2092.15,5271.96,3091.04,4892.27,4721.3,2717.61,4467.68,5077.977,3318.3943,5737.12,5102.7,5056.97,5668.15,5851.87,2179.21,6506.89,5577.15,5835.89,4495.33,6249.08,5546.95,7260.63,1429.48,7323.31,6287.26,7320.6333,4688.43,5789.09,4578.99
88,6828.47,4228.954,6919.4824,2627.135,6088.234,4082.9368,3542.0151,4704.8394,4262.743,3867.5498,9475.314,3233.9834,6853.9785,5761.827,4574.8,5723.686,5697.7236,1800.33,3610.3691,2548.679,5232.0103,3867.9832,1018.85095,3873.0654,2393.5315,2356.653,2707.6558,5085.961,3698.156,6252.1875,3635.4592,1396.3799,2878.0493,4317.702,4469.7744,3739.934,6037.9565,3980.5833,6832.338,1610.1335,6848.338,6388.2603,6790.7905,4066.2532,2853.6086,4596.9834,7551.2603,4682.62,7312.9,3769.53,6416.64,5293.37,5893.2603,5012.73,6157.8965,4459.2065,10394.32,3874.07,7579.04,5762.35,5319.59,6174.3,7363.17,2090.49,5264.69,3103.66,4896.19,4726.42,2717.61,4467.68,5069.4585,3319.0972,5734.27,5084.96,5068.22,5665.91,5816.03,2167.9,6543.4897,5509.31,5826.27,4473.29,6274.06,5528.97,7214.77,1419.79,7369.33,6261.94,7305.6167,4646.02,5741.69,4514.17
89,6802.6235,4221.739,6891.585,2619.4011,6069.342,4083.2185,3538.4905,4689.8184,4246.4023,3855.0908,9467.383,3230.5632,6840.823,5749.866,4567.86,5723.9814,5678.7476,1803.494,3588.9016,2551.8323,5229.5806,3857.6921,1016.56555,3867.7378,2373.4187,2366.2195,2684.0474,5093.6577,3682.2092,6246.6885,3611.0547,1393.548,2862.8984,4314.487,4449.166,3734.8445,6013.545,3977.9524,6796.2217,1595.496,6829.263,6374.6094,6771.5527,4068.8872,2811.3342,4583.7314,7560.34,4648.82,7304.63,3745.71,6435.56,5313.68,5906.36,5005.12,6078.742,4430.2354,10394.32,3874.07,7601.63,5774.08,5350.65,6228.59,7352.27,2032.28,5284.24,3085.45,4923.45,4746.13,2717.61,4467.68,5060.94,3319.8,5757.49,5122.43,5085.73,5694.59,5810.72,2149.23,6572.64,5527.58,5801.54,4434.92,6304.96,5563.0,7192.83,1334.74,7405.05,6330.86,7290.6,4603.61,5711.06,4501.57
90,6805.068,4222.0586,6890.5684,2619.0068,6073.7373,4090.3687,3545.544,4706.5103,4253.914,3856.842,9475.1455,3227.0688,6839.2656,5759.5093,4588.7617,5730.0176,5688.346,1802.3031,3592.7996,2563.882,5237.6494,3862.9739,1025.9308,3872.816,2376.9695,2365.603,2680.7417,5099.0957,3688.8708,6252.326,3636.488,1401.5251,2867.3286,4320.75,4468.2134,3745.412,6019.016,3980.4578,6804.545,1584.6647,6831.541,6382.0596,6778.638,4071.5845,2808.136,4631.4756,7545.8003,4652.64,7293.7603,3754.37,6446.7603,5325.94,5895.7803,5000.01,5999.588,4401.2646,10394.32,3874.07,7569.01,5799.7,5365.02,6222.82,7378.15,2044.98,5298.16,3084.3499,4928.96,4743.06,2717.61,4467.68,5067.29,3303.44,5749.62,5155.0,5097.04,5690.52,5818.79,2133.37,6580.79,5489.89,5768.0903,4431.84,6291.75,5586.62,7210.26,1317.0701,7390.67,6349.38,7256.89,4612.1,5679.37,4473.16
91,6806.757,4226.3906,6893.962,2619.824,6077.745,4088.5796,3544.5278,4706.122,4259.497,3856.1846,9478.184,3226.5059,6844.6094,5764.747,4595.504,5730.216,5692.272,1799.3557,3596.9092,2564.9885,5238.6396,3870.7356,1025.9921,3875.9526,2382.8977,2362.3374,2683.8528,5100.6606,3692.3042,6256.891,3644.1157,1400.615,2872.1748,4314.324,4475.7974,3749.7788,6024.8643,3980.72,6811.5728,1580.9811,6840.0103,6385.3857,6784.214,4073.583,2819.6438,4627.3857,7499.74,4540.95,7276.95,3777.1401,6456.59,5181.21,5911.18,4904.78,5920.433,4372.2935,10394.32,3874.07,7476.28,5549.34,5424.36,5912.92,7463.16,2124.33,5313.93,3175.58,4999.37,4698.9,2717.61,4467.68,5085.03,3352.1,5769.55,5052.51,5162.17,5508.9,5832.02,2207.93,6586.29,5281.15,5722.71,4390.95,6288.94,5403.68,7296.96,1379.9401,7371.83,6394.815,7221.33,4509.68,5674.7197,4416.99
92,6719.3804,4209.8154,6840.354,2593.946,6014.3027,4091.6057,3573.855,4644.677,4234.6055,3786.0518,9463.467,3224.563,6795.0947,5718.7256,4520.923,5659.124,5611.565,1815.2332,3503.3252,2503.24,5236.193,3766.144,994.01575,3842.0664,2308.711,2391.2498,2638.8962,5070.7246,3664.1501,6217.9575,3509.0308,1374.783,2864.0405,4241.478,4375.3267,3674.4255,5983.246,3963.6038,6706.144,1571.9,6762.013,6397.84,6733.1484,4060.3882,2769.8665,4530.636,7461.39,4623.59,7207.1,3753.52,6466.975,5226.705,5853.38,4996.2397,5841.279,4343.3223,10394.32,3874.07,7500.46,5828.7,5390.35,6158.38,7413.32,2076.54,5298.14,3108.66,4982.41,4726.93,2717.61,4467.68,5080.75,3276.64,5690.45,5163.68,5108.63,5621.05,5770.33,2083.67,6580.15,5382.66,5648.37,4378.97,6263.91,5599.12,7235.77,1308.935,7352.9897,6440.25,7190.5,4555.24,5611.31,4407.57
93,6791.6987,4226.178,6888.428,2610.5737,6063.743,4090.063,3548.176,4699.7227,4263.064,3834.5515,9481.991,3219.145,6834.159,5770.2197,4589.6157,5714.423,5683.9575,1796.809,3576.9863,2551.6511,5240.2773,3852.0125,1021.302,3874.169,2375.1318,2357.5562,2681.0947,5092.5264,3696.068,6254.9263,3638.7808,1394.0029,2874.0771,4284.396,4466.8594,3738.4065,6025.838,3980.629,6800.962,1566.9889,6831.6694,6402.1865,6781.112,4070.9312,2824.7966,4613.4277,7435.87,4629.23,7187.69,3764.56,6477.36,5272.2,5839.65,4979.4,5762.1245,4314.351,10394.32,3874.07,7484.62,5835.03,5396.2397,6136.13,7363.48,2028.75,5292.22,3100.81,4985.45,4710.31,2717.61,4467.68,5085.97,3265.93,5662.79,5135.41,5103.64,5581.63,5759.9,2081.75,6572.55,5347.34,5612.89,4336.05,6260.39,5589.94,7174.58,1237.93,7346.32,6441.28,7165.92,4544.0,5585.7153,4399.755
94,6775.383,4223.4805,6878.698,2602.0134,6052.8022,4091.3147,3553.217,4695.091,4262.8994,3818.2092,9484.507,3217.119,6824.9316,5767.8984,4591.3325,5704.903,5673.387,1791.4473,3562.5017,2547.4106,5238.7817,3839.4197,1020.36975,3871.8323,2370.7349,2360.6047,2671.1956,5089.6157,3699.7898,6252.13,3635.403,1392.4333,2875.5396,4266.061,4458.9917,3733.2722,6026.0073,3975.094,6789.1016,1557.0978,6821.2886,6406.7964,6774.7104,4068.9792,2817.0154,4621.015,7362.07,4689.37,7134.37,3820.37,6462.43,5303.41,5831.37,4981.11,5682.97,4285.38,10394.32,3874.07,7387.7,5925.2,5414.32,6032.16,7316.31,2063.92,5301.66,3101.64,5023.075,4688.395,2717.61,4467.68,5097.065,3252.485,5655.59,5116.17,5147.42,5533.33,5751.58,2071.63,6537.77,5330.08,5582.17,4317.36,6235.5,5605.75,7139.9297,1239.41,7275.33,6529.52,7104.37,4590.73,5560.12,4391.94
95,6779.371,4228.2817,6897.8687,2602.5408,6055.0156,4090.7727,3557.179,4698.4043,4282.806,3808.474,9499.432,3210.1387,6836.7065,5786.9463,4588.603,5680.5635,5688.472,1791.8298,3553.8115,2517.4075,5238.7314,3819.2346,1009.8561,3871.966,2383.276,2346.4233,2699.954,5068.1187,3725.7107,6250.925,3649.9001,1393.066,2901.4365,4225.759,4454.835,3722.973,6054.3594,3975.8179,6800.116,1552.7799,6829.933,6443.4863,6791.3286,4062.456,2865.6335,4571.843,7381.35,4651.47,7142.64,3803.11,6517.39,5253.8,5841.0,4969.28,5642.005,4288.885,10394.32,3874.07,7413.23,5906.33,5442.38,6009.65,7325.49,2081.25,5304.11,3148.85,5060.7,4666.48,2717.61,4467.68,5108.16,3239.04,5648.63,5081.93,5161.62,5488.32,5734.92,2068.03,6540.7,5241.8228,5564.55,4382.71,6262.15,5597.54,7158.8,1244.89,7314.45,6510.84,7115.04,4562.52,5528.745,4400.595
96,6763.1055,4224.812,6883.4683,2595.3452,6044.9136,4093.265,3567.212,4691.0117,4278.512,3798.5964,9497.258,3207.1465,6824.851,5781.5454,4589.555,5676.6133,5672.9995,1797.7439,3539.0786,2522.7317,5242.2397,3812.1418,1011.7074,3870.512,2375.7854,2353.9749,2683.627,5071.606,3717.224,6245.9116,3638.2122,1392.2715,2894.0127,4222.3584,4448.833,3723.082,6038.8667,3977.0513,6778.578,1542.2997,6816.9453,6437.1377,6780.5273,4063.2507,2843.7844,4584.3477,7289.27,4472.42,7100.52,3752.02,6495.93,5018.82,5828.62,4818.76,5601.04,4292.39,10394.32,3874.07,7291.87,5521.46,5466.9097,5704.77,7337.46,2098.4,5278.59,3203.49,5081.2603,4594.93,2717.61,4467.68,5075.38,3284.1501,5625.68,4927.04,5180.79,5273.92,5711.42,2113.41,6543.63,5153.565,5504.99,4278.0,6236.9,5325.85,7223.23,1265.45,7192.88,6017.01,7044.5,4414.7397,5497.37,4409.25
97,6604.9644,4193.621,6764.0796,2529.9736,5958.6445,4062.4976,3597.9282,4522.762,4185.778,3698.4648,9415.419,3232.9492,6737.4116,5647.533,4525.6084,5600.981,5489.9463,1806.3542,3435.6873,2479.2886,5202.6387,3743.7207,970.3838,3820.8032,2283.4363,2425.2803,2580.1406,5076.087,3657.8296,6169.4917,3414.4128,1331.0881,2863.295,4152.1406,4288.39,3644.1812,5899.8545,3949.029,6581.1714,1534.3513,6697.656,6309.759,6651.126,4055.9617,2620.3044,4429.7583,7308.4,4461.98,7114.55,3767.97,6512.43,5015.13,5789.54,4841.6,5560.075,4295.895,10394.32,3874.07,7271.98,5544.25,5445.86,5683.98,7364.6,2083.84,5256.85,3212.75,5076.64,4621.38,2717.61,4467.68,5062.92,3284.6,5598.15,4971.44,5153.65,5292.33,5708.27,2080.1,6546.56,5065.3076,5471.0,4408.56,6236.2,5351.4,7283.42,1207.52,7157.8765,6022.527,7052.97,4388.69,5496.3477,4457.936
98,6595.9487,4196.8965,6752.549,2523.686,5959.0005,4065.1555,3611.3418,4525.357,4190.341,3692.7644,9420.197,3230.2317,6732.7026,5649.608,4544.0635,5598.2754,5478.544,1804.9966,3432.9392,2484.9104,5203.247,3752.593,976.6449,3824.9585,2283.6772,2428.4436,2575.74,5081.491,3663.4094,6175.464,3420.7449,1332.5568,2865.253,4145.184,4293.3696,3657.343,5897.8325,3951.1982,6577.8604,1519.6187,6696.451,6311.8604,6651.378,4064.2412,2614.2283,4458.2314,7291.82,4433.56,7110.05,3754.93,6511.604,4993.168,5773.0,4857.42,5519.11,4299.4,10394.32,3874.07,7258.0,5509.6,5447.33,5652.83,7354.73,2076.62,5242.39,3250.92,5074.44,4623.36,2717.61,4467.68,5044.97,3322.32,5609.58,4941.31,5143.56,5276.69,5667.03,2082.51,6549.49,4977.05,5467.0503,4480.4,6235.98,5337.92,7294.21,1168.87,7122.8735,6028.0435,7032.73,4363.7,5495.325,4506.6226
99,6574.8213,4190.09,6729.222,2509.6846,5949.9243,4073.1035,3635.9575,4519.181,4192.5522,3669.6658,9422.253,3224.8157,6718.34,5642.685,4557.5645,5583.948,5458.204,1811.512,3409.14,2481.028,5209.214,3735.7056,979.32935,3819.4546,2266.8076,2439.3413,2560.747,5081.5664,3668.6187,6164.8335,3404.2405,1335.0083,2870.2158,4133.4907,4290.227,3655.2178,5884.2725,3952.7659,6551.0938,1502.0024,6674.468,6307.575,6640.076,4064.3018,2586.1707,4478.589,7275.86,4448.19,7096.78,3764.6199,6510.778,4971.206,5753.23,4880.48,5510.58,4357.3,10394.32,3874.07,7234.55,5525.9,5432.4897,5630.33,7344.77,2077.49,5237.27,3231.46,5085.15,4671.38,2717.61,4467.68,5035.87,3308.87,5619.32,4907.79,5118.85,5267.045,5657.79,2076.52,6540.31,4961.335,5466.88,4508.53,6223.02,5338.37,7329.27,1140.51,7087.87,6033.56,7029.04,4341.79,5494.303,4555.3086
100,6570.6826,4192.6274,6725.7544,2506.0432,5945.318,4070.1782,3638.4436,4517.821,4194.893,3663.713,9424.408,3223.8154,6713.8193,5642.4307,4561.867,5577.483,5454.746,1811.8579,3410.1145,2476.868,5208.396,3739.6704,979.5183,3822.4375,2274.286,2435.8137,2567.179,5079.477,3679.0098,6166.648,3417.2373,1335.458,2878.9902,4121.6743,4285.273,3659.9172,5884.7896,3956.6243,6550.069,1495.2037,6676.781,6313.1104,6641.2744,4068.049,2578.4246,4487.58,7277.0503,4422.08,7088.01,3752.34,6509.952,4949.244,5749.29,4865.93,5531.62,4442.73,10394.32,3874.07,7229.73,5494.47,5440.31,5578.57,7309.75,2080.93,5225.83,3247.5,5106.32,4711.01,2717.61,4467.68,5020.03,3324.3599,5645.46,4896.83,5094.14,5257.4,5636.48,2136.19,6531.13,4945.62,5474.98,4567.93,6226.74,5331.63,7307.75,1155.24,7083.2,6030.23,7007.83,4303.95,5493.281,4603.9946
101,6555.6235,4188.51,6710.8535,2502.385,5941.05,4076.6223,3653.0203,4512.632,4192.3076,3655.9238,9424.914,3221.3538,6703.9155,5635.2266,4569.1553,5567.687,5444.3564,1823.4888,3397.2773,2470.7502,5214.7285,3729.0957,979.1681,3817.0405,2264.7341,2442.4404,2560.6768,5079.9663,3681.234,6157.5967,3409.3533,1338.9518,2882.3506,4119.84,4277.42,3659.2002,5870.951,3962.3313,6526.099,1485.4933,6663.5723,6309.7505,6634.5093,4068.6785,2544.95,4485.3853,7259.9,4431.04,7075.06,3769.74,6509.126,4927.282,5728.9,4869.34,5527.16,4466.09,10394.32,3874.07,7191.78,5511.53,5421.46,5556.12,7301.0103,2117.13,5225.61,3261.04,5114.06,4704.45,2717.61,4467.68,5009.69,3306.35,5657.64,4887.04,5073.31,5265.98,5637.95,2094.25,6514.63,4907.24,5480.31,4606.56,6209.5,5334.53,7325.55,1151.9501,7013.74,6060.57,6972.87,4314.78,5492.2583,4652.6807
102,6554.907,4189.979,6706.137,2500.014,5934.874,4076.3462,3652.8174,4510.8203,4198.9434,3650.3862,9428.449,3218.0422,6699.611,5636.681,4571.8325,5562.1714,5440.595,1826.3254,3395.797,2467.264,5211.3203,3731.4634,978.97705,3820.8843,2266.528,2435.5686,2565.5564,5079.801,3685.4805,6161.729,3416.7473,1336.9503,2885.394,4106.1973,4274.066,3660.713,5867.987,3966.2278,6526.8296,1477.304,6664.587,6320.445,6635.106,4073.777,2552.5222,4496.784,7256.09,4430.02,7065.76,3803.1199,6508.3,4905.32,5721.69,4877.0,5540.65,4542.4897,10394.32,3874.07,7178.9697,5518.66,5410.57,5542.76,7295.44,2129.12,5219.53,3272.89,5130.4,4719.88,2717.61,4467.68,5012.07,3309.48,5665.62,4845.29,5054.63,5265.82,5632.66,2120.28,6506.6436,4862.24,5489.0303,4655.86,6203.49,5354.16,7332.05,1123.58,6968.7197,6115.92,6962.5,4299.43,5491.2363,4701.3667
103,6552.609,4186.8926,6699.4346,2501.6106,5926.437,4081.5205,3663.6504,4518.2476,4204.8,3644.888,9436.929,3211.412,6691.4683,5639.497,4575.9497,5555.7866,5439.2417,1836.3256,3387.3008,2461.447,5215.4546,3722.4243,981.4885,3821.4219,2261.833,2432.034,2567.637,5076.0747,3693.218,6161.732,3427.6016,1343.7103,2890.3823,4100.6743,4272.7285,3660.4817,5868.1597,3972.849,6521.383,1465.5306,6659.495,6336.2754,6636.4053,4075.4836,2545.036,4522.97,7273.03,4424.61,7075.31,3810.08,6522.04,4900.26,5691.36,4829.59,5567.16,4629.0,10394.32,3874.07,7176.54,5546.2,5407.9,5509.83,7276.29,2121.02,5198.74,3292.01,5160.54,4818.42,2717.61,4467.68,4998.04,3339.81,5693.1934,4831.11,5028.23,5279.06,5606.5103,2143.96,6498.6567,4817.24,5494.87,4720.83,6211.16,5409.67,7314.83,1102.86,6956.89,6096.68,6941.89,4280.56,5490.214,4750.053
104,6545.057,4192.4336,6697.0996,2499.8008,5929.539,4080.0054,3675.044,4515.381,4206.415,3640.9263,9440.362,3210.686,6695.3906,5640.2725,4589.3022,5548.1353,5434.421,1839.3218,3389.2058,2459.1812,5218.946,3730.4573,983.30225,3822.9521,2271.1116,2434.3582,2573.9758,5074.376,3706.345,6162.3857,3436.8962,1346.91,2900.6821,4092.21,4269.7656,3672.4346,5866.9087,3977.1199,6515.7285,1455.1046,6662.369,6336.156,6637.946,4078.223,2540.6316,4518.5337,7260.23,4433.97,7068.14,3825.32,6523.2603,4931.05,5696.2,4905.6133,5563.26,4648.43,10394.32,3874.07,7153.43,5563.51,5406.92,5493.34,7245.85,2174.36,5210.48,3307.81,5164.7,4829.5,2717.61,4467.68,5007.64,3345.41,5720.7666,4816.93,5024.44,5276.71,5615.28,2165.96,6490.67,4772.2397,5498.145,4755.545,6188.93,5440.91,7308.4097,1148.27,6912.52,6138.22,6909.9,4288.34,5489.1914,4798.7393
105,6555.5635,4192.089,6706.7812,2506.3748,5932.0522,4086.7869,3684.1423,4533.078,4218.1475,3648.2532,9450.197,3206.549,6697.135,5649.654,4595.468,5546.0586,5444.2524,1850.2749,3391.7148,2460.0454,5229.0356,3730.879,988.26587,3827.0068,2279.957,2431.094,2585.3706,5069.9546,3716.6553,6162.7314,3452.2295,1355.3682,2903.974,4097.3047,4279.399,3676.7112,5875.793,3986.3335,6524.128,1452.8446,6669.5835,6350.5503,6649.67,4077.0068,2553.2478,4543.3174,7285.51,4412.59,7080.42,3831.6,6541.58,4927.82,5701.04,4981.6367,5581.65,4714.04,10394.32,3874.07,7171.4897,5545.69,5418.57,5475.08,7241.7,2190.45,5205.06,3308.07,5163.43,4819.37,2717.61,4467.68,4998.12,3338.2,5748.34,4802.75,5006.58,5270.92,5616.39,2209.69,6498.31,4748.09,5501.42,4790.26,6197.17,5433.1,7323.3,1128.12,6899.56,6160.83,6907.5103,4261.39,5488.1694,4847.4253
106,6555.492,4184.813,6701.1646,2508.0159,5929.062,4096.1685,3698.2458,4543.9727,4220.806,3651.3093,9456.675,3202.1992,6687.473,5649.655,4601.818,5543.683,5443.6533,1863.1112,3383.6506,2458.8323,5237.4614,3718.9746,991.98486,3825.8977,2275.2905,2432.4048,2584.833,5068.04,3721.8682,6157.532,3458.4722,1363.1606,2900.9575,4106.4707,4283.834,3674.2178,5870.94,3993.8982,6517.2715,1446.6007,6659.7993,6358.725,6651.922,4076.38,2532.757,4575.127,7296.9,4426.21,7074.21,3867.01,6537.61,4948.35,5705.88,5057.66,5574.737,4763.27,10394.32,3874.07,7180.07,5559.69,5425.4697,5453.58,7228.75,2177.68,5192.21,3332.66,5170.49,4879.78,2717.61,4467.68,4977.8,3371.71,5737.51,4830.55,4976.43,5296.47,5600.65,2203.98,6483.98,4751.64,5504.27,4835.28,6190.43,5496.21,7332.64,1065.43,6886.06,6165.86,6895.65,4267.39,5487.147,4896.112
107,6556.4487,4185.832,6700.0347,2509.1106,5931.3926,4104.292,3713.407,4557.6587,4228.206,3653.8848,9463.259,3199.0898,6691.5386,5655.328,4617.78,5542.6206,5444.012,1867.9866,3380.7285,2460.9343,5247.1084,3720.9397,998.6267,3827.5774,2276.8928,2437.6472,2585.8374,5068.7534,3731.64,6160.371,3468.1428,1372.1523,2906.5615,4112.8066,4288.632,3683.7222,5875.461,4000.8499,6516.832,1440.5339,6662.1035,6365.92,6658.1313,4079.2456,2529.55,4596.989,7307.22,4422.5,7083.48,3845.89,6533.63,4962.54,5700.2803,5114.44,5567.823,4812.5,10394.32,3874.07,7175.9497,5582.35,5425.64,5446.45,7217.21,2217.99,5191.57,3355.55,5166.84,4926.08,2717.61,4467.68,4978.41,3386.1501,5739.06,4816.2397,4961.7603,5323.92,5603.9,2194.41,6470.23,4749.18,5492.2603,4865.57,6174.6,5573.24,7343.43,1048.41,6853.4,6195.09,6895.15,4263.38,5486.1245,4944.798
108,6563.6274,4183.567,6701.194,2511.9612,5928.5845,4112.4927,3717.401,4573.1035,4235.7876,3659.131,9469.235,3194.1235,6690.7207,5663.461,4625.9014,5544.736,5451.8965,1876.4995,3377.4263,2463.2107,5254.8784,3720.0903,1003.949,3831.138,2281.358,2434.7756,2592.8154,5066.98,3739.1636,6162.253,3485.2336,1380.9303,2907.1362,4122.8643,4293.8906,3688.1072,5875.9644,4009.2368,6521.882,1435.1997,6663.9385,6378.7354,6667.1084,4081.3477,2531.739,4624.838,7299.83,4424.87,7085.59,3879.8298,6539.15,5014.01,5707.41,5112.52,5560.91,4861.73,10394.32,3874.07,7168.0,5605.06,5426.5,5443.08,7191.38,2279.25,5190.46,3389.7,5152.34,4920.21,2717.61,4467.68,4980.49,3412.27,5735.88,4815.16,4946.74,5328.54,5596.74,2265.54,6457.13,4761.91,5480.25,4895.86,6169.06,5567.02,7318.98,1093.84,6829.93,6232.28,6889.29,4262.18,5485.1025,4993.484
109,6578.6953,4180.9717,6711.733,2525.8298,5932.599,4127.081,3730.4797,4597.4165,4250.76,3670.8218,9478.927,3189.559,6699.3413,5675.913,4638.682,5551.4243,5472.9443,1890.9926,3372.4766,2470.9895,5270.698,3712.2776,1011.4498,3833.4468,2287.893,2436.5144,2595.1719,5065.1147,3744.9785,6163.626,3508.576,1398.2264,2909.2324,4142.9766,4311.568,3694.5479,5885.975,4017.0022,6532.272,1436.3141,6672.2295,6394.714,6683.2646,4078.3464,2548.4197,4662.1924,7290.86,4440.56,7091.92,3900.6199,6524.7803,5044.07,5722.95,5199.7197,5535.46,4907.41,10394.32,3874.07,7157.17,5619.81,5408.07,5448.14,7198.64,2251.7,5181.63,3356.05,5133.88,4925.71,2717.61,4467.68,4978.43,3396.27,5726.39,4785.69,4928.81,5343.54,5601.51,2269.42,6442.68,4781.44,5468.24,4926.15,6153.88,5626.92,7339.35,1024.1699,6810.39,6252.02,6883.68,4269.05,5484.08,5042.17
110,6584.6475,4180.1445,6710.4556,2528.3738,5928.933,4134.047,3732.032,4612.472,4259.16,3674.375,9486.839,3187.7034,6695.7993,5681.7583,4645.2476,5551.167,5477.8535,1895.469,3371.4233,2467.458,5272.8994,3709.9375,1014.9613,3835.9856,2293.4595,2431.6245,2605.6362,5061.708,3759.5513,6167.685,3527.2173,1407.0518,2914.6992,4148.099,4313.0527,3695.766,5890.9585,4024.5703,6542.497,1435.8009,6672.621,6413.2065,6693.753,4080.1467,2543.0374,4698.5586,7294.25,4468.41,7102.1,3913.99,6505.37,5137.81,5727.52,5268.46,5551.7397,4941.29,10394.32,3874.07,7159.14,5695.55,5406.71,5469.34,7189.46,2247.37,5185.31,3354.6,5128.5303,4971.83,2717.61,4467.68,4986.48,3404.44,5724.81,4789.53,4914.75,5403.78,5608.03,2256.69,6446.11,4802.3,5458.66,5007.02,6146.2603,5701.54,7334.82,997.56,6810.63,6309.66,6890.25,4280.62,5491.56,5128.63
111,6609.3657,4185.2617,6730.7007,2543.8384,5938.2046,4149.312,3736.4592,4650.7275,4281.7534,3696.5247,9504.907,3182.8105,6707.971,5709.2363,4665.73,5561.3374,5508.882,1903.12,3381.1125,2475.6035,5284.3203,3719.3816,1027.87,3846.2297,2317.2217,2424.6643,2626.4243,5057.609,3782.9226,6181.054,3575.6716,1428.2961,2926.7788,4166.944,4339.5596,3716.4465,5916.837,4036.2368,6577.441,1437.8389,6695.272,6445.971,6722.5415,4081.9993,2578.6082,4755.1724,7294.5503,4466.3,7105.35,3916.87,6477.63,5159.37,5704.88,5250.22,5567.67,4942.63,10394.32,3874.07,7160.65,5687.77,5402.71,5440.39,7178.84,2264.77,5181.48,3393.32,5116.7803,4965.27,2717.61,4467.68,4973.71,3417.93,5726.58,4783.15,4907.38,5407.2,5608.12,2286.66,6460.13,4789.67,5452.3003,5055.16,6136.0103,5687.0,7343.58,996.27,6800.44,6320.01,6897.7,4269.81,5500.0,5179.24
112,6609.244,4184.1055,6731.661,2544.8618,5938.552,4152.894,3747.0593,4653.3784,4287.814,3695.1086,9509.611,3181.0464,6712.043,5711.8633,4673.883,5558.581,5511.2456,1910.1785,3376.8474,2475.1047,5288.257,3713.1333,1029.4827,3846.138,2318.9573,2426.646,2628.1367,5054.1597,3790.3452,6179.508,3580.5686,1435.0668,2932.004,4165.173,4344.263,3720.0483,5915.7695,4036.6887,6575.9995,1434.3043,6693.7466,6451.4146,6725.8086,4081.1992,2581.596,4765.619,7246.12,4480.67,7061.94,3992.26,6432.6353,5183.635,5659.0103,5254.5,5585.91,4950.41,10394.32,3874.07,7100.92,5650.69,5400.28,5404.1,7147.71,2403.37,5192.49,3445.26,5110.35,4947.43,2717.61,4467.68,4983.73,3475.79,5703.98,4775.73,4901.63,5364.79,5605.97,2369.83,6425.94,4813.6,5454.07,5099.57,6106.04,5689.19,7342.91,1100.83,6739.35,6252.2,6854.41,4334.55,5510.92,5212.01
113,6603.717,4178.6055,6717.8984,2545.5193,5934.6245,4156.889,3748.772,4639.2407,4286.491,3689.2573,9502.862,3182.2588,6713.284,5697.4175,4669.669,5555.6895,5500.8496,1923.2043,3366.1787,2476.5552,5297.704,3702.2507,1026.2031,3838.49,2304.2644,2437.4988,2614.938,5056.757,3772.165,6168.432,3547.905,1435.9495,2925.1328,4176.4316,4334.158,3712.947,5897.8296,4039.6807,6553.34,1440.7954,6683.787,6433.606,6718.615,4078.2627,2570.11,4744.457,7253.1,4496.33,7073.73,3993.79,6387.64,5207.9,5621.31,5265.55,5597.48,4974.27,10394.32,3874.07,7103.0,5703.21,5375.26,5423.31,7148.33,2392.77,5195.29,3450.69,5101.25,4960.09,2717.61,4467.68,4981.97,3481.6501,5674.36,4767.18,4893.62,5381.2,5605.47,2388.82,6432.91,4829.38,5458.32,5142.69,6095.0703,5759.34,7357.77,1095.71,6746.44,6283.72,6857.33,4368.4,5521.5303,5281.48
114,6620.068,4180.547,6729.759,2554.0374,5939.141,4170.7573,3756.709,4663.222,4305.5063,3699.7798,9513.331,3179.5093,6721.128,5714.4727,4688.019,5562.6016,5522.9585,1930.597,3370.76,2482.628,5307.2285,3705.3108,1035.1666,3844.5261,2318.3604,2435.4055,2625.218,5054.851,3787.8645,6178.28,3576.912,1450.8983,2934.0796,4188.9146,4354.582,3725.748,5914.4116,4047.2349,6576.111,1443.365,6697.373,6453.8203,6736.3413,4079.191,2591.4963,4796.4033,7240.67,4493.59,7056.1,4026.18,6339.68,5270.66,5582.44,5280.41,5612.6997,5018.88,10394.32,3874.07,7081.55,5723.86,5360.75,5443.78,7115.07,2418.25,5176.55,3453.48,5091.81,4965.06,2717.61,4467.68,4950.29,3475.9001,5654.47,4763.89,4881.2603,5379.77,5570.81,2392.93,6411.06,4867.68,5488.6,5276.12,6074.38,5796.54,7345.1797,1118.53,6725.55,6304.72,6844.54,4365.77,5480.68,5355.615
115,6625.352,4178.1353,6727.0366,2556.1965,5939.001,4178.064,3756.5415,4671.14,4310.9985,3705.9092,9516.222,3176.8074,6721.3545,5718.9263,4696.2295,5570.993,5532.5137,1938.5837,3370.3967,2488.953,5312.2065,3704.1846,1039.6648,3845.988,2321.3098,2434.4167,2624.7297,5056.4834,3787.7297,6180.9014,3587.3374,1459.7405,2931.9314,4202.1426,4364.7725,3731.5881,5914.3433,4052.6313,6579.6914,1444.5244,6697.7173,6458.5874,6743.549,4080.2026,2589.6194,4821.64,7252.5,4504.68,7071.88,4030.05,6294.0303,5286.5,5547.29,5310.46,5632.83,5046.34,10394.32,3874.07,7089.71,5720.97,5340.37,5459.52,7110.95,2428.61,5153.6,3472.97,5058.68,4963.63,2717.61,4467.68,4933.48,3523.34,5607.34,4770.9897,4845.28,5394.1,5552.5,2424.52,6401.58,4877.48,5488.6,5276.12,6057.7603,5812.31,7370.94,1074.07,6723.55,6324.69,6853.2,4372.51,5439.83,5429.75
116,6635.036,4172.7705,6729.023,2558.1094,5941.1763,4191.831,3778.6191,4687.264,4327.325,3703.9583,9521.64,3174.85,6727.161,5724.1265,4713.9434,5574.8516,5544.285,1945.3024,3364.375,2495.9531,5329.3467,3692.7874,1048.182,3845.2437,2320.2288,2444.1194,2619.7158,5055.292,3792.8992,6180.851,3599.2483,1473.879,2940.222,4218.0273,4379.9233,3731.435,5925.2793,4058.46,6584.08,1448.135,6698.1772,6463.236,6751.953,4076.5422,2585.618,4882.0513,7224.2,4470.73,7038.37,3969.64,6265.95,5351.02,5505.62,5417.26,5637.56,5104.89,10394.32,3874.07,7083.88,5780.33,5327.15,5578.33,7025.5103,2336.56,5118.43,3432.24,5023.34,5024.32,2717.61,4467.68,4906.4,3492.05,5571.98,4792.71,4791.95,5537.36,5518.46,2327.49,6390.0,4902.46,5488.6,5276.12,6053.43,5962.66,7254.54,1023.83,6742.03,6429.84,6833.24,4349.35,5368.06,5604.65
